transaction_id,timestamp,customer_name,city,product,category,quantity,unit_price_eur,payment_method,satisfaction_score,returned
1,2025-11-29,Clara Neild,Frankfurt,USB-Hub,Electronics,8,153.26,Kreditkarte,2,Nein
2,2026-05-01,Quinton Locke,Stuttgart,Monitor,Electronics,1,474.6,Kreditkarte,1,Nein
3,2025-09-01,Damon Thumnel,Düsseldorf,Tastatur,Zubehör,3,19.9,PayPal,1,Nein
4,2025-12-29,Perry Hourican,Stuttgart,Tastatur,Zubehör,0,562.12,Kreditkarte,1,Nein
5,2025-07-13,Donia Hurdman,Leipzig,USB-Hub,Zubehör,6,410.85,PayPal,5,Ja
6,2025-12-24,Eydie Jostan,Hamburg,Maus,Electronics,2,755.67,PayPal,2,Nein
7,2026-02-08,Ransell Gaitley,Stuttgart,Smartphone,Electronics,7,904.82,Kreditkarte,4,Nein
8,2025-03-05,Shandie Makey,Hamburg,Monitor,Electronics,8,255.88,Kreditkarte,1,Nein
9,2026-05-27,Brodie Macconachy,Berlin,Kopfhörer,Zubehör,10,279.15,Banküberweisung,4,Ja
10,2025-09-02,Saundra Ransfield,München,Tastatur,Electronics,5,1046.45,PayPal,,Nein
11,2025-04-19,Sonia Hubatsch,Berlin,USB-Hub,Electronics,2,151.94,PayPal,4,Nein
12,2025-11-02,Ingaborg Ponnsett,Köln,Smartphone,Electronics,5,816.47,Banküberweisung,5,Nein
13,2025-10-19,Fernando Aglione,Köln,Maus,Electronics,7,1042.76,Banküberweisung,4,Nein
14,2025-04-07,Emerson Ridett,Leipzig,Tastatur,Zubehör,5,848.05,PayPal,3,Nein
15,2025-06-17,Ram Frankis,Stuttgart,Webcam,Electronics,2,1118.31,Barzahlung,3,Nein
16,2025-02-22,Jeannie Miebes,Berlin,Monitor,Zubehör,10,205.04,Kreditkarte,5,Nein
17,2025-01-20,Murry Stollberger,Leipzig,Maus,Electronics,10,570.15,PayPal,5,Nein
18,2025-12-14,Faythe MacKenny,Stuttgart,Laptop,Zubehör,4,351.51,Barzahlung,5,Ja
19,2026-02-21,Charin Kemmis,Stuttgart,Laptop,Zubehör,10,223.7,Barzahlung,5,Nein
20,2025-11-27,Dido Sharper,Stuttgart,Smartphone,Zubehör,8,631.81,Barzahlung,1,Nein
21,2026-02-20,Elvis Landrick,München,Kopfhörer,Electronics,5,743.78,Kreditkarte,3,Nein
22,2025-10-20,Sukey Luberti,Leipzig,Kopfhörer,Zubehör,-1,739.27,PayPal,2,Nein
23,2025-05-17,Kaleena Pleavin,München,Smartphone,Zubehör,6,928.32,PayPal,2,Nein
24,2025-11-18,Selia Liddell,München,Webcam,Zubehör,1,605.81,PayPal,1,Nein
25,2026-05-03,Bellina La Wille,Köln,USB-Hub,Zubehör,2,1135.73,Kreditkarte,4,Ja
26,2025-02-17,Ailina Deegan,Leipzig,Webcam,Electronics,4,420.37,Banküberweisung,5,Nein
27,2025-01-25,Lancelot Birrane,Düsseldorf,Maus,Electronics,8,265.32,PayPal,3,Ja
28,2026-01-09,Mavra Innocenti,Berlin,Kopfhörer,Electronics,5,475.16,Kreditkarte,5,Nein
29,2025-06-18,Otho Ramsby,Köln,Kopfhörer,Zubehör,4,1008.74,PayPal,2,Ja
30,2025-11-22,Anissa Paulack,Stuttgart,USB-Hub,Zubehör,7,1007.5,PayPal,5,Nein
31,2025-02-11,Emilio Hedgecock,Köln,Laptop,Electronics,4,526.16,Banküberweisung,4,Nein
32,2025-02-21,Natasha Longworth,Düsseldorf,Monitor,Zubehör,6,512.86,Barzahlung,4,Ja
33,2025-09-30,Prent Sleeman,Stuttgart,Kopfhörer,Zubehör,4,497.92,PayPal,2,Nein
34,2025-07-14,Nara Hargreaves,Berlin,Maus,Electronics,8,199.22,Banküberweisung,4,Nein
35,2026-01-13,Myrtice Guiel,Düsseldorf,Smartphone,Zubehör,5,364.62,Barzahlung,1,Nein
36,2025-12-17,Emerson Newns,Stuttgart,Tastatur,Zubehör,7,873.59,Kreditkarte,3,Nein
37,2025-06-21,Winne Cleft,Stuttgart,Monitor,Electronics,6,311.12,PayPal,5,Nein
38,2026-01-16,Carleen Worgan,Köln,Smartphone,Electronics,3,581.88,PayPal,4,Nein
39,2025-05-23,Silvana Scrivener,München,Webcam,Electronics,3,375.28,Banküberweisung,5,Nein
40,2026-05-11,Elly McCurlye,München,Maus,Electronics,2,121.12,Barzahlung,1,Nein
41,2025-02-27,Daisey Udden,Frankfurt,Kopfhörer,Electronics,6,394.46,Banküberweisung,3,Nein
42,2025-07-18,Eileen McAuslan,Berlin,Webcam,Zubehör,9,355.84,Banküberweisung,1,Nein
43,2025-04-25,Leonhard Robbins,Frankfurt,Tastatur,Zubehör,3,922.25,Kreditkarte,2,Nein
44,2025-04-25,Fredra Maccrae,München,USB-Hub,Electronics,1,252.84,Banküberweisung,2,Ja
45,2025-03-08,Robbie Veldens,Stuttgart,USB-Hub,Electronics,2,1175.81,Barzahlung,3,Nein
46,2026-03-12,Papagena Burbridge,Stuttgart,Smartphone,Zubehör,10,1123.87,PayPal,2,Ja
47,2025-05-04,Stephanus Denzilow,Hamburg,Smartphone,Electronics,5,403.88,PayPal,4,Nein
48,2026-03-03,Silvan Barbery,Stuttgart,Kopfhörer,Electronics,10,1033.58,Banküberweisung,3,Nein
49,2025-04-09,Chaddie Malimoe,Köln,Webcam,Electronics,1,839.84,Barzahlung,3,Nein
50,2025-08-11,Darla Abilowitz,Hamburg,Tastatur,Electronics,9,885.17,Barzahlung,5,Nein
51,2026-01-06,Charil Pratt,Leipzig,Webcam,Electronics,5,15.6,PayPal,4,Ja
52,2025-11-05,Yvette Trevett,Leipzig,USB-Hub,Electronics,4,612.47,Banküberweisung,2,Nein
53,2026-02-17,Huey Daddow,München,Maus,Zubehör,9,740.12,Kreditkarte,5,Nein
54,2026-03-07,Ardra Novik,Leipzig,Tastatur,Zubehör,10,1107.6,PayPal,5,Ja
55,2026-03-20,Mamie Baukham,Stuttgart,Maus,Electronics,4,814.79,Barzahlung,5,Nein
56,2026-04-21,Dallas Balmer,Leipzig,USB-Hub,Zubehör,5,819.16,Barzahlung,4,Nein
57,2026-05-07,Janet Saladine,Berlin,Maus,Electronics,8,215.04,PayPal,4,Nein
58,2025-11-27,Moyra Ockwell,Leipzig,Smartphone,Zubehör,1,681.74,Banküberweisung,4,Nein
59,2025-09-18,Kellsie Di Carlo,Frankfurt,Monitor,Electronics,5,856.33,Kreditkarte,5,Nein
60,2026-05-15,Bernarr Butchers,Köln,Laptop,Electronics,9,373.24,Banküberweisung,2,Ja
61,2025-11-01,Arlina Hexam,Düsseldorf,Tastatur,Zubehör,4,1094.04,Kreditkarte,1,Ja
62,2025-11-04,Aldrich Gilligan,Frankfurt,Laptop,Zubehör,5,935.64,Banküberweisung,1,Nein
63,2025-03-02,Lodovico Mordie,Frankfurt,Smartphone,Zubehör,5,841.3,Kreditkarte,1,Nein
64,2026-05-03,Amelita Gyurko,München,Laptop,Electronics,1,1191.47,Barzahlung,4,Nein
65,2026-02-18,Farrah Neeson,Leipzig,Tastatur,Electronics,3,541.08,Barzahlung,4,Ja
66,2025-11-23,Ellis Bartoloma,Frankfurt,Smartphone,Electronics,8,482.78,Banküberweisung,2,Nein
67,2025-01-03,Aldous Chiommienti,Leipzig,Kopfhörer,Zubehör,6,718.82,PayPal,4,Nein
68,2025-04-04,Beverly Symonds,Köln,Webcam,Electronics,3,960.11,Kreditkarte,4,Nein
69,2025-01-29,Druci Urry,Leipzig,Tastatur,Zubehör,4,254.62,PayPal,1,Nein
70,2025-09-29,Uriel Leonida,Leipzig,Kopfhörer,Electronics,5,146.01,Kreditkarte,,Ja
71,2026-03-04,Charil Haistwell,Leipzig,Monitor,Zubehör,6,194.19,Barzahlung,5,Nein
72,2025-05-02,Ali Blackey,Köln,Maus,Zubehör,4,125.77,PayPal,3,Nein
73,2025-05-06,Colan Kitlee,Düsseldorf,Kopfhörer,Zubehör,5,564.07,PayPal,1,Nein
74,2025-09-20,Brandea Forsey,Leipzig,Monitor,Zubehör,6,797.19,Barzahlung,4,Nein
75,2025-09-25,Kirsteni Samart,Frankfurt,Tastatur,Zubehör,9,108.46,Banküberweisung,4,Ja
76,2025-05-28,Cristen Kingett,Düsseldorf,Monitor,Electronics,7,775.81,PayPal,1,Nein
77,2025-02-28,Bertina Streeton,München,Kopfhörer,Electronics,1,392.39,Barzahlung,3,Nein
78,2025-04-10,Devlen Reef,Berlin,USB-Hub,Zubehör,1,520.99,PayPal,1,Nein
79,2025-01-16,Hayden Staig,Stuttgart,Monitor,Electronics,10,767.67,Barzahlung,1,Ja
80,2025-11-18,Vina MacMenamie,berlin,Monitor,Zubehör,2,241.08,Kreditkarte,2,Nein
81,2026-05-29,Vevay Cockren,Frankfurt,Maus,Zubehör,5,66.95,Kreditkarte,5,Nein
82,2025-07-14,Johan Plunkett,Hamburg,Webcam,Electronics,5,782.28,Banküberweisung,5,Nein
83,2025-12-23,Eran Shillam,Leipzig,Monitor,Electronics,10,133.36,PayPal,2,Nein
84,2025-03-10,Rozella Charley,Leipzig,Maus,Electronics,3,807.26,PayPal,3,Nein
85,2025-01-06,Netti Caulfield,Hamburg,Kopfhörer,Zubehör,6,408.52,Banküberweisung,5,Ja
86,2026-03-30,Heriberto Boich,Berlin,Monitor,Electronics,7,995.26,Kreditkarte,5,Nein
87,2025-09-14,Deeann Killner,Stuttgart,Tastatur,Zubehör,10,163.77,Barzahlung,1,Nein
88,2026-05-16,Matilde Dowles,Berlin,Kopfhörer,Zubehör,0,514.51,Kreditkarte,,Nein
89,2025-07-23,Brianne Kernar,Köln,Maus,Zubehör,4,421.11,Barzahlung,2,Nein
90,2026-05-23,Tadeas Bakhrushin,Stuttgart,Webcam,Electronics,9,1091.23,Kreditkarte,4,Ja
91,2025-11-20,Durand Braunes,München,Webcam,Zubehör,3,498.27,Barzahlung,4,Nein
92,2025-07-20,Alameda Head,Hamburg,Kopfhörer,Electronics,3,360.9,Banküberweisung,5,Nein
93,2025-08-05,Griselda Dami,berlin,Laptop,Zubehör,8,844.2,Kreditkarte,5,Nein
94,2025-06-11,Kellie Tedstone,Köln,Monitor,Electronics,7,456.32,PayPal,5,Nein
95,2025-01-08,Christina Langdon,Stuttgart,Tastatur,Electronics,1,726.66,Kreditkarte,4,Nein
96,2025-11-13,Winnah Crosseland,Stuttgart,Maus,Electronics,2,476.74,PayPal,2,Nein
97,2026-02-16,Julio Tewelson,Frankfurt,Monitor,Electronics,8,1171.09,Barzahlung,4,Nein
98,2026-04-14,Northrop Reisenberg,Köln,USB-Hub,Zubehör,2,983.08,Kreditkarte,4,Nein
99,2025-01-10,Meggie Evitts,Leipzig,USB-Hub,Electronics,4,461.86,PayPal,4,Nein
100,2025-08-05,Chelsey Harrigan,Frankfurt,Kopfhörer,Zubehör,6,913.58,Banküberweisung,1,Nein
101,2025-11-10,Teodoor Duffree,Düsseldorf,Webcam,Electronics,3,1043.83,Barzahlung,1,Nein
102,2025-02-16,Tracie Enrich,berlin,Monitor,Zubehör,4,508.9,PayPal,5,Nein
103,2025-10-30,Frazer Wilber,Stuttgart,Kopfhörer,Electronics,7,1118.07,Kreditkarte,4,Nein
104,2026-04-25,Bamby Fleming,München,Monitor,Electronics,1,843.0,Barzahlung,5,Nein
105,2025-02-07,Arabel Yard,Leipzig,Tastatur,Zubehör,9,1172.37,Banküberweisung,4,Nein
106,2025-05-25,Estel Grigori,München,Maus,Electronics,1,809.36,Banküberweisung,4,Nein
107,2025-01-16,Fernandina Worling,Berlin,USB-Hub,Electronics,7,837.5,Kreditkarte,4,Nein
108,2026-03-18,Archambault Bagnall,Frankfurt,Tastatur,Electronics,10,1083.09,Kreditkarte,5,Ja
109,2025-09-20,Katharine Franiak,Hamburg,Laptop,Electronics,1,382.15,Barzahlung,5,Ja
110,2026-03-11,Taylor Booty,Berlin,Monitor,Electronics,8,990.25,Barzahlung,2,Nein
111,2025-02-01,Inglis Delahunty,Leipzig,USB-Hub,Zubehör,5,965.0,Banküberweisung,3,Ja
112,2026-01-25,Blanche Riccardelli,München,USB-Hub,Electronics,5,1175.77,Barzahlung,4,Nein
113,2026-02-25,Hamlin Hazart,Frankfurt,Maus,Electronics,4,848.49,Banküberweisung,3,Ja
114,2025-05-15,Julia Mityukov,Stuttgart,USB-Hub,Electronics,8,878.31,Banküberweisung,1,Nein
115,2025-11-20,Wolfy Muge,Berlin,Maus,Zubehör,8,815.24,Banküberweisung,4,Nein
116,2025-03-26,Cathrine MacShane,Leipzig,USB-Hub,Zubehör,1,551.72,Banküberweisung,5,Nein
117,2025-09-26,Gothart Hugueville,Hamburg,Smartphone,Zubehör,1,802.5,Barzahlung,3,Nein
118,2025-12-21,Ajay Martel,Stuttgart,Tastatur,Zubehör,2,519.16,Kreditkarte,3,Nein
119,2025-06-24,Ayn Saddington,Hamburg,USB-Hub,Zubehör,10,319.73,PayPal,5,Nein
120,2026-05-26,Peterus Thrush,Leipzig,Webcam,Zubehör,6,213.79,Banküberweisung,4,Nein
121,2026-04-21,Corie Field,Köln,Kopfhörer,Electronics,7,66.35,Kreditkarte,2,Nein
122,2025-12-23,Lin Chantillon,München,Maus,Electronics,5,384.11,Kreditkarte,2,Nein
123,2025-07-05,Susann Squeers,München,Smartphone,Electronics,9,138.32,PayPal,1,Nein
124,2025-02-05,Barbie Lebourn,Berlin,Tastatur,Zubehör,4,154.1,Barzahlung,2,Ja
125,2025-03-30,Baillie Clynter,Düsseldorf,Laptop,Zubehör,9,580.59,Kreditkarte,1,Nein
126,2025-04-29,Rhodie Defrain,Köln,Maus,Electronics,6,874.14,PayPal,5,Nein
127,2025-05-31,Barrie Baudi,Leipzig,Monitor,Zubehör,7,1009.18,Banküberweisung,5,Nein
128,2025-07-15,Lark Harflete,Hamburg,Laptop,Zubehör,8,877.53,Kreditkarte,3,Nein
129,2025-04-01,Nevil Questier,Hamburg,Smartphone,Zubehör,8,1129.17,Kreditkarte,1,Nein
130,2025-05-27,Mead Arrigucci,München,Kopfhörer,Electronics,1,1161.72,PayPal,2,Nein
131,2025-07-05,Harriett Ridings,Hamburg,Monitor,Zubehör,6,379.92,Banküberweisung,5,Nein
132,2025-02-18,Eben Parrot,Leipzig,Maus,Zubehör,2,256.5,Kreditkarte,1,Ja
133,2025-03-05,Samantha Cumberland,Frankfurt,Smartphone,Zubehör,4,961.37,Barzahlung,1,Nein
134,2025-03-02,Jo ann Molineaux,München,Maus,Electronics,6,410.2,Barzahlung,5,Ja
135,2026-02-08,Graham Baistow,Hamburg,Maus,Electronics,1,772.43,Banküberweisung,5,Ja
136,2025-05-23,Rubie Lancashire,Stuttgart,Laptop,Zubehör,6,971.5,Kreditkarte,4,Nein
137,2025-04-18,Hannis Tanman,Leipzig,Monitor,Zubehör,7,1034.72,PayPal,3,Nein
138,2025-08-28,Leandra Walwood,MÜNCHEN,Webcam,Zubehör,1,789.57,Barzahlung,2,Nein
139,2025-01-10,Chevy Bolle,Frankfurt,USB-Hub,Zubehör,9,150.72,Kreditkarte,2,Nein
140,2025-06-12,Dorolisa Garfoot,Berlin,Maus,Electronics,6,442.03,PayPal,5,Nein
141,2025-07-14,Vin MacGhee,Berlin,Smartphone,Electronics,6,1173.19,Banküberweisung,4,Nein
142,2026-05-15,Kristian Peret,Düsseldorf,Tastatur,Zubehör,3,626.6,Kreditkarte,2,Ja
143,2025-11-22,Carl Dowdle,Köln,USB-Hub,Zubehör,4,741.48,Banküberweisung,5,Nein
144,2025-04-28,Gil Tythe,München,Laptop,Zubehör,5,198.81,PayPal,2,Nein
145,2026-04-22,Lesley Symons,München,Tastatur,Electronics,1,221.02,Kreditkarte,1,Nein
146,2026-05-23,Annamaria Gulleford,Leipzig,Laptop,Zubehör,5,467.15,Barzahlung,3,Nein
147,2026-02-20,Dulcea Dutchburn,Köln,Laptop,Electronics,7,937.89,Barzahlung,2,Ja
148,2026-05-25,Tris Milby,Hamburg,Laptop,Zubehör,3,995.6,Barzahlung,1,Nein
149,2025-04-08,Ulrike Tripett,Hamburg,Webcam,Zubehör,6,818.5,Barzahlung,3,Nein
150,2025-09-27,Franciskus Horsell,Stuttgart,Laptop,Electronics,9,515.52,Barzahlung,3,Nein
151,2025-01-29,Clarine Pughe,Frankfurt,Monitor,Electronics,5,373.48,Banküberweisung,3,Nein
152,2026-01-13,Oralla Wythe,München,Kopfhörer,Electronics,8,204.35,Barzahlung,1,Nein
153,2025-03-12,Kathlin Prettejohns,Stuttgart,Tastatur,Electronics,2,1092.67,PayPal,3,Nein
154,2025-03-29,Adrianne Cottam,Hamburg,Tastatur,Electronics,6,1136.53,PayPal,3,Nein
155,2025-06-10,Derk Brazer,Frankfurt,Tastatur,Electronics,5,736.43,Banküberweisung,5,Nein
156,2025-12-23,Dynah Itzkov,Frankfurt,Tastatur,Electronics,8,43.21,PayPal,1,Nein
157,2026-02-01,Cale Penticoot,Leipzig,Webcam,Zubehör,7,824.05,Kreditkarte,2,Nein
158,2026-03-07,Celestyna Pattrick,München,Maus,Zubehör,1,702.93,PayPal,4,Ja
159,2026-01-23,Lucky Treker,Düsseldorf,Laptop,Electronics,8,736.79,Kreditkarte,1,Nein
160,2025-06-12,Dalis Sandhill,Frankfurt,Tastatur,Zubehör,7,546.7,Kreditkarte,1,Nein
161,2025-02-01,Gretchen Allender,Düsseldorf,Kopfhörer,Zubehör,10,121.83,PayPal,3,Nein
162,2026-01-20,Thelma Quant,Frankfurt,Tastatur,Zubehör,6,292.87,Kreditkarte,,Nein
163,2025-06-22,Aggie Brookz,Frankfurt,Monitor,Electronics,6,1115.97,Barzahlung,5,Nein
164,2026-05-13,Pearce Fullman,Berlin,Kopfhörer,Electronics,5,260.59,PayPal,4,Nein
165,2025-03-30,Kerk Schmuhl,München,Kopfhörer,Electronics,9,201.27,Banküberweisung,5,Nein
166,2025-02-10,Nancy Brokenshaw,Stuttgart,Webcam,Electronics,7,750.52,PayPal,2,Nein
167,2026-03-23,Richart Halliburton,Stuttgart,Webcam,Zubehör,5,99.19,Banküberweisung,4,Nein
168,2025-04-06,Darby Perico,Düsseldorf,Webcam,Electronics,9,614.43,Barzahlung,5,Ja
169,2026-02-03,Damon Luney,Leipzig,Monitor,Electronics,9,779.49,Barzahlung,4,Nein
170,2025-08-11,Marj Doubleday,Frankfurt,Laptop,Zubehör,7,936.43,PayPal,4,Ja
171,2026-02-18,Dinah Gorst,Hamburg,Smartphone,Zubehör,10,402.25,Barzahlung,5,Nein
172,2025-11-15,Charmain Ybarra,Hamburg,Laptop,Electronics,7,40.51,Kreditkarte,5,Nein
173,2025-07-28,Witty Verecker,Hamburg,Maus,Electronics,1,1077.31,Kreditkarte,4,Nein
174,2026-02-26,Matti Chaman,Frankfurt,Maus,Electronics,7,94.89,Banküberweisung,1,Nein
175,2026-01-02,Maisey Prior,Leipzig,Laptop,Zubehör,10,178.39,Kreditkarte,5,Nein
176,2026-02-20,Reggi Lowen,Köln,Monitor,Zubehör,5,307.4,Banküberweisung,4,Nein
177,2025-12-07,Dominica McDavitt,Frankfurt,Maus,Electronics,9,182.46,Banküberweisung,2,Nein
178,2025-09-07,Jereme Foottit,Stuttgart,USB-Hub,Electronics,7,972.97,Banküberweisung,5,Nein
179,2025-06-04,Yehudi Leppard,Leipzig,Tastatur,Zubehör,1,605.81,PayPal,5,Nein
180,2025-07-04,Zorah Woloschinski,Stuttgart,Maus,Electronics,6,999.83,PayPal,1,Ja
181,2025-03-13,Rakel Crampton,Düsseldorf,USB-Hub,Zubehör,1,782.11,Kreditkarte,4,Ja
182,2025-11-06,Caesar Dillimore,Leipzig,Tastatur,Zubehör,7,785.96,Banküberweisung,5,Nein
183,2025-02-18,Ulrike Parren,Düsseldorf,Webcam,Electronics,3,446.53,Barzahlung,1,Nein
184,2025-01-16,Rhona Beggin,Leipzig,Maus,Electronics,6,441.04,Banküberweisung,1,Ja
185,2026-05-16,Drusi Klaas,Köln,Webcam,Electronics,1,282.82,Kreditkarte,1,Nein
186,2025-02-05,Cristionna Castaignet,Hamburg,Laptop,Zubehör,2,432.03,Kreditkarte,4,Nein
187,2025-04-07,Odette Clabburn,Frankfurt,Webcam,Zubehör,4,476.06,Barzahlung,2,Nein
188,2026-01-20,Barron Terbrugge,München,Maus,Zubehör,9,156.73,PayPal,1,Nein
189,2025-10-19,Lyle Prestner,München,Laptop,Electronics,3,994.25,PayPal,5,Nein
190,2025-07-31,Vern Alldridge,Köln,Monitor,Zubehör,9,1086.13,Banküberweisung,4,Nein
191,2025-10-28,Stewart Huard,Frankfurt,USB-Hub,Electronics,9,158.22,Banküberweisung,1,Nein
192,2025-11-13,Raphael Bricksey,Frankfurt,Smartphone,Electronics,10,356.76,Kreditkarte,1,Nein
193,2025-10-04,Duffie Corpe,Hamburg,Maus,Electronics,2,749.91,PayPal,1,Nein
194,2025-01-09,Luis Whitnall,Düsseldorf,Maus,Electronics,8,474.93,PayPal,4,Nein
195,2025-01-12,Gertrudis Boys,Köln,Smartphone,Electronics,3,1079.96,Barzahlung,2,Nein
196,2026-01-11,Marge Dabes,Frankfurt,Webcam,Electronics,10,337.04,PayPal,2,Ja
197,2026-04-28,Ravid Doel,Köln,Webcam,Electronics,6,596.98,Kreditkarte,2,Ja
198,2025-09-25,Sherilyn Streat,Köln,Webcam,Zubehör,1,745.7,PayPal,3,Nein
199,2025-02-09,Keely Blagbrough,München,USB-Hub,Electronics,3,837.48,Kreditkarte,1,Nein
200,2026-05-11,Adham Draude,Berlin,Webcam,Electronics,6,910.54,Banküberweisung,4,Nein
201,2026-04-16,Aleksandr Hastler,Leipzig,Maus,Zubehör,7,695.46,Banküberweisung,5,Nein
202,2025-11-18,Daron Rudwell,Berlin,Tastatur,Zubehör,3,1061.33,Kreditkarte,3,Nein
203,2026-03-30,Editha Tordoff,Düsseldorf,Maus,Electronics,8,301.02,PayPal,2,Nein
204,2025-11-21,Jorge MacFarlan,Köln,Webcam,Electronics,5,650.41,Banküberweisung,1,Nein
205,2025-02-27,Winifred Macy,Frankfurt,Monitor,Zubehör,1,19.78,Barzahlung,2,Nein
206,2026-03-31,Shane Antuoni,Frankfurt,Laptop,Zubehör,10,484.09,PayPal,2,Ja
207,2025-04-07,Alberik Purches,Düsseldorf,Monitor,Zubehör,5,180.48,Kreditkarte,2,Nein
208,2026-02-03,Perceval Lensch,Hamburg,Maus,Zubehör,9,684.58,PayPal,1,Nein
209,2026-03-19,Donni Brand,Berlin,Smartphone,Electronics,1,588.28,Banküberweisung,3,Ja
210,2025-01-13,Gretta Fillis,Hamburg,Maus,Electronics,8,632.35,Banküberweisung,5,Ja
211,2025-02-13,Raimundo Akam,Berlin,Monitor,Electronics,5,637.17,Banküberweisung,2,Ja
212,2025-08-10,Murray Otley,Hamburg,Maus,Zubehör,8,727.62,Kreditkarte,2,Nein
213,2026-03-30,Alix Caustic,Frankfurt,Maus,Zubehör,2,1182.45,Kreditkarte,3,Nein
214,2026-02-11,Florance O'Dunniom,MÜNCHEN,Webcam,Electronics,3,932.46,PayPal,5,Ja
215,2025-06-29,Marthe Bauld,Stuttgart,Webcam,Electronics,9,1147.46,Barzahlung,4,Nein
216,2025-06-04,Regina Greenhaugh,Köln,Monitor,Zubehör,6,743.67,Kreditkarte,4,Nein
217,2025-01-07,Ricky de Tocqueville,Frankfurt,Maus,Zubehör,3,140.52,Banküberweisung,1,Ja
218,2025-05-14,Ramonda Mechi,Hamburg,Smartphone,Zubehör,7,765.83,Banküberweisung,2,Nein
219,2026-05-09,Zachery Palmar,Stuttgart,USB-Hub,Electronics,3,538.57,Banküberweisung,4,Ja
220,2026-05-06,Waiter Mayell,Frankfurt,Maus,Electronics,10,238.21,Banküberweisung,4,Nein
221,2026-05-27,Binky Wreiford,Stuttgart,Laptop,Electronics,5,491.31,PayPal,2,Ja
222,2025-05-02,Myrtice Dozdill,Leipzig,Kopfhörer,Zubehör,7,1199.53,PayPal,5,Nein
223,2025-10-29,Car Wringe,Frankfurt,Tastatur,Electronics,9,0.00,Kreditkarte,1,Nein
224,2025-12-18,Dimitri Huffy,München,Smartphone,Zubehör,3,625.97,Kreditkarte,5,Ja
225,2026-02-26,Lanny Ezzle,Hamburg,Webcam,Electronics,9,619.71,Barzahlung,2,Nein
226,2026-01-05,Raina Monget,Berlin,Laptop,Electronics,10,258.44,Kreditkarte,4,Nein
227,2025-10-28,Helene Streather,Hamburg,Smartphone,Electronics,3,563.17,PayPal,3,Nein
228,2025-03-26,Burnard Pighills,Frankfurt,Kopfhörer,Zubehör,6,24.45,Barzahlung,1,Nein
229,2025-03-26,Aimil Burge,Berlin,Laptop,Zubehör,7,937.65,Banküberweisung,4,Nein
230,2026-05-17,Shalom Halfacre,München,Monitor,Zubehör,6,99.16,Banküberweisung,5,Ja
231,2025-02-07,Jacqueline Chestnutt,Frankfurt,USB-Hub,Electronics,5,1070.1,PayPal,2,Nein
232,2025-04-21,Angie Alessandone,Köln,USB-Hub,Zubehör,1,842.2,Barzahlung,4,Nein
233,2025-01-05,Hermina Tellwright,Berlin,USB-Hub,Zubehör,1,791.56,Barzahlung,2,Nein
234,2025-01-25,Brod Haslegrave,Stuttgart,Smartphone,Zubehör,7,1026.78,Banküberweisung,1,Nein
235,2026-04-22,Rollin Crowson,Berlin,Maus,Zubehör,8,335.88,Kreditkarte,5,Nein
236,2026-04-06,Regen Mancer,Stuttgart,Laptop,Electronics,2,486.0,Banküberweisung,3,Nein
237,2026-03-27,Ramona Redhouse,Leipzig,Kopfhörer,Electronics,7,170.15,PayPal,1,Nein
238,2025-09-13,Jobi Bernardt,Köln,Tastatur,Electronics,10,1051.97,Banküberweisung,5,Nein
239,2025-05-09,Nicki Hawley,München,Monitor,Electronics,6,1187.8,Kreditkarte,2,Nein
240,2025-03-11,Gabriello Plumbley,Hamburg,Tastatur,Electronics,5,459.57,PayPal,3,Nein
241,2025-07-05,Denys Allsop,Hamburg,Tastatur,Electronics,7,72.07,Banküberweisung,2,Nein
242,2025-07-12,Connie Melling,Frankfurt,Webcam,Electronics,4,119.84,Kreditkarte,2,Ja
243,2025-04-01,Shane Tow,Berlin,USB-Hub,Electronics,2,955.73,Banküberweisung,4,Nein
244,2026-01-23,Jimmie Huie,München,Monitor,Zubehör,1,158.58,Barzahlung,1,Nein
245,2025-11-25,Livy Munkley,Hamburg,Smartphone,Zubehör,9,206.28,PayPal,2,Nein
246,2026-05-15,Gerti Cordoba,Frankfurt,Smartphone,Electronics,10,626.59,PayPal,1,Ja
247,2025-12-04,Gianni Hay,München,Maus,Zubehör,10,480.0,PayPal,4,Nein
248,2025-04-24,Geoff Hawley,Stuttgart,USB-Hub,Electronics,1,778.55,Barzahlung,5,Ja
249,2025-10-15,Kristoforo Pearlman,Düsseldorf,Monitor,Electronics,4,1055.8,PayPal,2,Nein
250,2025-10-20,Darcie Pyke,Frankfurt,Tastatur,Zubehör,3,452.16,Banküberweisung,3,Nein
251,2025-09-24,Hershel McGilvra,Düsseldorf,USB-Hub,Zubehör,2,328.99,Banküberweisung,2,Nein
252,2026-05-19,Amalee Milsap,Düsseldorf,Maus,Zubehör,9,925.91,Kreditkarte,3,Nein
253,2025-06-27,Madison Glenn,Berlin,Maus,Zubehör,9,185.65,Banküberweisung,3,Nein
254,2025-04-26,Ag Ennals,München,Laptop,Electronics,3,1165.69,Barzahlung,5,Nein
255,2025-01-08,Artemis Josskoviz,Düsseldorf,Laptop,Electronics,6,525.98,PayPal,4,Nein
256,2026-01-23,Deonne Rand,Leipzig,Smartphone,Electronics,5,679.24,PayPal,3,Nein
257,2025-12-14,Virgie Whaymand,Berlin,Monitor,Electronics,6,1174.16,PayPal,5,Nein
258,2025-09-17,Hana Genery,Frankfurt,Laptop,Electronics,6,1078.12,Kreditkarte,3,Nein
259,2026-01-04,Theressa Kidds,Leipzig,Monitor,Electronics,1,549.24,PayPal,3,Nein
260,2026-05-30,Alexio Wildbore,Hamburg,Tastatur,Electronics,6,904.71,Barzahlung,2,Nein
261,2025-08-30,Reece Faragan,Stuttgart,Webcam,Electronics,3,960.88,PayPal,4,Nein
262,2025-07-24,Fergus Urquhart,Hamburg,Smartphone,Zubehör,8,863.75,Barzahlung,3,Nein
263,2025-04-23,Boot Giorgielli,Leipzig,USB-Hub,Zubehör,7,666.58,Kreditkarte,4,Nein
264,2025-12-01,Tommi Curwen,Hamburg,USB-Hub,Zubehör,7,334.5,PayPal,3,Ja
265,2025-04-24,Nelie Ormrod,Stuttgart,Laptop,Electronics,7,1153.5,PayPal,5,Ja
266,2025-01-03,Stafani Orknay,Frankfurt,Maus,Electronics,2,731.01,Banküberweisung,2,Nein
267,2025-08-29,Fair Lovatt,Köln,Kopfhörer,Electronics,5,175.69,PayPal,2,Nein
268,2025-12-07,Stanley Alcide,Stuttgart,Laptop,Electronics,9,337.58,Banküberweisung,4,Nein
269,2025-02-10,Kaye Wadge,Köln,Maus,Zubehör,1,181.15,Banküberweisung,3,Nein
270,2026-04-25,Clement Defont,Köln,Tastatur,Zubehör,6,508.61,Banküberweisung,2,Nein
271,2025-12-30,Dur Fullick,Frankfurt,Tastatur,Zubehör,6,107.7,Kreditkarte,5,Nein
272,2025-02-10,Eyde Grayham,Stuttgart,Monitor,Electronics,4,715.62,PayPal,5,Nein
273,2026-03-06,Cordey Week,Stuttgart,Tastatur,Electronics,7,365.43,Kreditkarte,3,Nein
274,2025-06-01,Dollie Kennaird,Stuttgart,Monitor,Zubehör,7,904.09,PayPal,3,Ja
275,2025-12-19,Lil Gauden,Hamburg,Tastatur,Electronics,10,307.61,Barzahlung,4,Nein
276,2025-11-09,Oneida Schuh,Köln,Monitor,Electronics,8,283.77,PayPal,2,Ja
277,2025-10-02,Viviyan Clubbe,Düsseldorf,Tastatur,Zubehör,2,0.00,PayPal,5,Nein
278,2025-11-21,Jeremie Ellison,Berlin,Laptop,Zubehör,8,91.65,Kreditkarte,1,Ja
279,2025-08-12,Rebecka Gerish,Frankfurt,Laptop,Zubehör,2,323.09,Banküberweisung,2,Nein
280,2025-05-24,Kelcey Ingreda,Frankfurt,Kopfhörer,Zubehör,2,765.52,Kreditkarte,1,Ja
281,2025-12-16,Sibilla Winterscale,Hamburg,USB-Hub,Electronics,1,776.38,Barzahlung,3,Nein
282,2026-03-04,Fiona Atherton,Frankfurt,Webcam,Zubehör,2,930.46,Kreditkarte,2,Nein
283,2025-12-27,Gordan Welland,Köln,Laptop,Electronics,6,449.22,Barzahlung,5,Nein
284,2025-03-08,Sancho Oosthout de Vree,Berlin,Webcam,Electronics,3,732.92,Banküberweisung,5,Nein
285,2026-02-26,Rodrick Grigore,München,USB-Hub,Electronics,5,1025.66,PayPal,3,Nein
286,2026-05-20,Temp Pilbeam,Frankfurt,Maus,Zubehör,10,967.74,Banküberweisung,2,Nein
287,2026-02-05,Brigid Goullee,Düsseldorf,USB-Hub,Zubehör,4,225.66,Kreditkarte,2,Nein
288,2025-10-26,Harriette de Savery,München,Webcam,Electronics,7,953.39,Banküberweisung,2,Nein
289,2026-04-23,Ceil Deans,Leipzig,Laptop,Electronics,3,1013.79,Kreditkarte,3,Nein
290,2025-07-13,Veronike Fassan,Leipzig,USB-Hub,Electronics,9,549.58,PayPal,3,Nein
291,2025-11-17,Vittoria Hansell,Hamburg,Maus,Zubehör,10,602.1,Kreditkarte,2,Nein
292,2026-05-08,Desmond Zorzin,Leipzig,Tastatur,Zubehör,7,256.53,PayPal,5,Ja
293,2025-07-13,Eddy Risman,Stuttgart,Maus,Electronics,9,493.43,Banküberweisung,5,Nein
294,2025-03-17,Clim Hynson,Köln,Webcam,Zubehör,9,1016.64,Kreditkarte,4,Nein
295,2026-01-20,Krissie Haddacks,München,USB-Hub,Zubehör,9,659.71,PayPal,3,Nein
296,2026-04-30,Dennison Tugwell,München,Maus,Zubehör,10,803.52,PayPal,5,Ja
297,2025-10-18,Lewes Sabben,Berlin,Kopfhörer,Zubehör,1,824.4,PayPal,4,Nein
298,2026-04-05,Artie Pavlitschek,Leipzig,Tastatur,Electronics,1,941.62,Barzahlung,4,Nein
299,2026-05-01,Sarine Pentecost,Düsseldorf,Webcam,Electronics,6,724.01,Kreditkarte,1,Nein
300,2025-08-10,Adler Westnage,Leipzig,Monitor,Zubehör,10,699.28,Kreditkarte,5,Nein
301,2026-02-02,Israel Lorenzetti,Köln,Webcam,Zubehör,6,969.69,PayPal,5,Nein
302,2025-12-07,Dyana Bloodworth,Köln,USB-Hub,Zubehör,2,1144.13,Barzahlung,5,Ja
303,2025-04-20,Kamilah Abells,Düsseldorf,Laptop,Electronics,1,866.49,PayPal,4,Nein
304,2026-04-29,Cristobal Muddle,Berlin,Maus,Zubehör,10,845.2,PayPal,5,Nein
305,2026-04-08,Kaila Gilks,München,Webcam,Electronics,3,347.47,PayPal,1,Nein
306,2025-01-01,Hortensia Bryan,München,Tastatur,Zubehör,9,954.91,PayPal,5,Nein
307,2025-01-09,Frasquito Whitehorne,Frankfurt,USB-Hub,Zubehör,4,592.66,Banküberweisung,3,Ja
308,2025-08-14,Milissent Zarfati,Düsseldorf,Webcam,Electronics,5,30.5,PayPal,3,Nein
309,2025-09-08,Leona Kernan,Berlin,Maus,Electronics,6,1151.61,Barzahlung,2,Nein
310,2025-08-04,Garner Alleburton,Hamburg,Webcam,Electronics,10,956.71,Barzahlung,5,Nein
311,2025-07-25,Krisha Pendall,Düsseldorf,USB-Hub,Electronics,2,919.21,Barzahlung,5,Ja
312,2025-04-09,Reese Parslow,Frankfurt,Laptop,Zubehör,7,77.42,Banküberweisung,4,Ja
313,2025-06-27,Ernesta Domengue,Hamburg,Monitor,Electronics,2,754.51,Banküberweisung,4,Ja
314,2025-01-10,Titus Mitchiner,Leipzig,Smartphone,Electronics,2,441.25,PayPal,4,Nein
315,2026-03-18,Wenonah Buttfield,Düsseldorf,Tastatur,Zubehör,4,312.29,Barzahlung,4,Nein
316,2025-05-03,Clarinda Alpes,Stuttgart,Maus,Zubehör,9,1153.57,Banküberweisung,1,Ja
317,2025-03-21,Gustav Jowling,Köln,USB-Hub,Electronics,6,1039.88,Kreditkarte,2,Nein
318,2025-06-17,Eugen Scherme,Hamburg,Webcam,Electronics,10,472.38,Banküberweisung,2,Nein
319,2025-06-30,Vevay Meese,Frankfurt,USB-Hub,Zubehör,4,1175.91,Banküberweisung,4,Nein
320,2026-01-20,Bentlee Senner,Leipzig,Monitor,Electronics,6,500.01,Banküberweisung,1,Nein
321,2026-03-09,Tate Coldham,Stuttgart,Laptop,Electronics,1,525.79,Kreditkarte,3,Ja
322,2025-01-17,Kathrine Bracken,Stuttgart,Monitor,Zubehör,1,1120.0,Banküberweisung,4,Ja
323,2025-06-26,Rhea Althorp,München,Tastatur,Electronics,7,435.01,PayPal,1,Ja
324,2025-01-06,Pepita Found,Hamburg,Webcam,Zubehör,7,566.06,Kreditkarte,3,Nein
325,2026-01-25,Ferne Bezarra,Stuttgart,Kopfhörer,Zubehör,7,933.62,Kreditkarte,5,Nein
326,2025-07-03,Rance Isgar,München,Tastatur,Electronics,4,698.42,PayPal,2,Nein
327,2025-05-17,Adriaens Broadfoot,München,Monitor,Zubehör,1,373.81,Kreditkarte,4,Nein
328,2025-04-07,Oby Bradnum,Köln,Laptop,Zubehör,7,948.97,Barzahlung,4,Ja
329,2025-09-19,Briant Luis,Leipzig,Maus,Zubehör,5,606.74,Barzahlung,1,Ja
330,2025-09-18,Hettie Stanford,Düsseldorf,Smartphone,Zubehör,5,236.77,PayPal,1,Nein
331,2025-11-18,Domeniga Paolone,Hamburg,Kopfhörer,Electronics,7,612.64,Kreditkarte,3,Nein
332,2026-05-25,Leroy Sterrie,Düsseldorf,Tastatur,Zubehör,5,442.62,PayPal,2,Nein
333,2025-06-13,Benyamin Ayars,Hamburg,Kopfhörer,Zubehör,4,154.61,Kreditkarte,2,Nein
334,2026-02-23,Gonzales Longshaw,Stuttgart,Tastatur,Zubehör,2,1105.51,Kreditkarte,3,Nein
335,2025-10-14,Peyter Rottery,Köln,Monitor,Electronics,3,1048.19,PayPal,2,Nein
336,2026-03-14,Knox Hargey,Köln,Kopfhörer,Zubehör,6,856.07,Banküberweisung,4,Nein
337,2026-05-02,Rouvin Bellow,München,Kopfhörer,Zubehör,4,816.97,PayPal,5,Ja
338,2025-06-30,Joete MacCarrane,Hamburg,Kopfhörer,Electronics,10,531.2,PayPal,1,Nein
339,2025-01-06,Elisha Smitheram,Düsseldorf,Maus,Electronics,10,1171.15,Kreditkarte,2,Nein
340,2025-02-13,Geordie Hessentaler,Berlin,Laptop,Electronics,2,231.64,PayPal,3,Ja
341,2025-04-22,Dirk Feldmus,Düsseldorf,Monitor,Zubehör,4,950.55,Kreditkarte,1,Nein
342,2026-03-19,Livy Reford,Köln,Laptop,Zubehör,6,1137.01,Kreditkarte,1,Ja
343,2026-03-30,Daniel Osant,Köln,Monitor,Zubehör,7,43.69,Banküberweisung,3,Nein
344,2025-03-19,Allyn Walklate,Hamburg,Webcam,Electronics,7,53.34,Banküberweisung,5,Nein
345,2026-02-21,Sallyanne Simeon,Düsseldorf,Laptop,Electronics,9,1091.13,PayPal,5,Ja
346,2025-12-22,Ebeneser Christophle,Hamburg,Smartphone,Zubehör,4,1171.16,PayPal,1,Ja
347,2025-02-19,Arlan Loosley,Frankfurt,Smartphone,Zubehör,5,835.65,Banküberweisung,5,Nein
348,2026-01-19,Pall Gurney,Berlin,Smartphone,Zubehör,2,595.32,Barzahlung,2,Nein
349,2025-10-27,Anna-diana Buckland,Hamburg,Laptop,Zubehör,6,132.96,PayPal,1,Nein
350,2025-09-06,Malory Bath,Hamburg,Laptop,Electronics,1,636.75,Kreditkarte,3,Nein
351,2025-05-03,Denis Catonne,Düsseldorf,USB-Hub,Zubehör,7,890.73,Kreditkarte,2,Nein
352,2026-02-26,Fayina Colleck,Hamburg,Laptop,Zubehör,2,79.74,Kreditkarte,4,Nein
353,2026-05-09,Hyacinthia Folbig,Düsseldorf,Webcam,Zubehör,1,1169.9,PayPal,3,Ja
354,2025-10-01,Jobi Gallop,Frankfurt,Smartphone,Electronics,2,827.36,Banküberweisung,3,Nein
355,2025-03-08,Riane Primak,Berlin,Webcam,Zubehör,4,664.97,PayPal,2,Nein
356,2026-02-21,Bobine Jankin,München,Tastatur,Electronics,5,384.42,PayPal,3,Nein
357,2026-01-23,Bibbie Sibbson,Hamburg,Tastatur,Electronics,8,1152.7,PayPal,4,Nein
358,2026-05-09,Ardine Du Hamel,Frankfurt,Monitor,Electronics,1,755.93,Barzahlung,4,Ja
359,2025-04-12,Northrop Harniman,München,Maus,Zubehör,9,693.83,Banküberweisung,5,Nein
360,2026-05-13,Tyler Bradick,Köln,Maus,Electronics,2,935.55,Banküberweisung,4,Nein
361,2025-04-14,Dean Durbann,Leipzig,Webcam,Zubehör,7,487.15,Kreditkarte,1,Nein
362,2025-07-04,Hamnet Coggings,Köln,Monitor,Electronics,5,1169.69,PayPal,3,Nein
363,2025-06-27,Penny Dammarell,Hamburg,Tastatur,Zubehör,9,990.42,Kreditkarte,1,Ja
364,2026-03-03,Rodolphe Maxwale,Hamburg,Maus,Electronics,5,517.67,Kreditkarte,3,Nein
365,2025-11-24,Ephraim Kovacs,Köln,Maus,Zubehör,7,176.62,PayPal,2,Nein
366,2025-11-16,Fabien Simcoe,Berlin,USB-Hub,Zubehör,2,774.87,Banküberweisung,1,Nein
367,2025-03-07,Lazarus Foss,Düsseldorf,Kopfhörer,Electronics,9,761.25,Barzahlung,2,Nein
368,2025-05-27,Zondra Cracie,Frankfurt,Laptop,Zubehör,2,65.11,PayPal,2,Nein
369,2025-12-07,Ariana Dymick,Berlin,Laptop,Zubehör,4,379.25,PayPal,3,Ja
370,2025-11-01,Chad Brea,Stuttgart,Laptop,Zubehör,2,429.99,PayPal,4,Nein
371,2025-03-06,Silvanus Cossons,Leipzig,Smartphone,Zubehör,7,496.55,Banküberweisung,3,Nein
372,2025-07-05,Rebeca Scemp,Köln,Tastatur,Electronics,4,39.05,Kreditkarte,5,Nein
373,2025-12-18,Laurence McClarence,Düsseldorf,Maus,Zubehör,4,322.46,Banküberweisung,1,Nein
374,2025-08-08,Marietta Kimble,Berlin,Smartphone,Zubehör,4,290.99,Banküberweisung,2,Nein
375,2025-01-24,Nanine Trowsdale,Berlin,Kopfhörer,Electronics,2,168.99,Kreditkarte,1,Ja
376,2025-08-06,Jordain Rookeby,Köln,Tastatur,Zubehör,9,241.91,PayPal,1,Nein
377,2026-03-25,Ronalda Robbe,Berlin,Kopfhörer,Electronics,5,824.54,PayPal,3,Nein
378,2025-05-27,Kristo Buxcey,Köln,Laptop,Zubehör,6,1063.73,Kreditkarte,4,Ja
379,2026-05-04,Finley Addyman,Stuttgart,Laptop,Zubehör,10,445.72,Banküberweisung,2,Nein
380,2025-02-27,Erminie Kiezler,Düsseldorf,Laptop,Electronics,9,905.69,Barzahlung,1,Ja
381,2025-07-05,Emmeline Mulvany,Frankfurt,Laptop,Electronics,6,1145.66,Barzahlung,1,Nein
382,2025-02-14,Jerome Morilla,Frankfurt,USB-Hub,Zubehör,8,196.89,PayPal,4,Nein
383,2025-10-19,Noel Grindlay,München,Smartphone,Zubehör,10,865.41,Kreditkarte,4,Nein
384,2025-04-27,Lynea Cisco,München,Kopfhörer,Zubehör,10,1063.48,PayPal,5,Nein
385,2025-09-17,Dionis Scholtis,Düsseldorf,Smartphone,Electronics,7,187.83,Kreditkarte,4,Nein
386,2026-04-12,Davida Shaudfurth,Berlin,Kopfhörer,Electronics,8,505.04,Barzahlung,5,Nein
387,2025-05-14,Beverly Lorence,München,Laptop,Electronics,3,94.18,Barzahlung,3,Nein
388,2025-11-15,Vittoria Aylmore,Frankfurt,Laptop,Electronics,3,694.17,Barzahlung,5,Nein
389,2025-05-26,Lorelei Anderer,Köln,USB-Hub,Zubehör,4,575.74,Kreditkarte,5,Nein
390,2025-07-08,Hadleigh Stone Fewings,Stuttgart,USB-Hub,Electronics,6,1134.45,Kreditkarte,1,Nein
391,2025-01-22,Bryana Hames,Düsseldorf,Tastatur,Electronics,10,950.4,Kreditkarte,2,Nein
392,2026-04-04,Imelda Atwel,München,Maus,Electronics,7,599.47,Kreditkarte,3,Nein
393,2026-03-28,Blaire de la Tremoille,Stuttgart,Laptop,Electronics,2,1077.59,Kreditkarte,4,Nein
394,2026-02-09,Melisse Middlemiss,München,Kopfhörer,Electronics,5,611.87,PayPal,4,Ja
395,2025-03-17,Aurora Farthin,Hamburg,Tastatur,Electronics,6,930.58,Kreditkarte,3,Nein
396,2025-04-25,Birgit Adao,München,Laptop,Zubehör,1,741.98,Barzahlung,3,Nein
397,2026-03-26,Rozelle Dingwall,Stuttgart,Monitor,Zubehör,7,521.74,PayPal,4,Ja
398,2025-06-02,Fidole O'Tierney,München,USB-Hub,Zubehör,9,960.71,Banküberweisung,2,Nein
399,2025-03-03,Nari Innes,Stuttgart,USB-Hub,Zubehör,8,313.21,PayPal,1,Nein
400,2025-11-19,Karrah Padula,Düsseldorf,Webcam,Zubehör,6,425.58,PayPal,5,Nein
401,2025-07-22,Ingeberg Lavalle,München,USB-Hub,Zubehör,1,1194.64,Kreditkarte,3,Nein
402,2025-06-08,Burt Southcombe,Leipzig,Laptop,Zubehör,6,837.7,Kreditkarte,1,Nein
403,2025-12-09,Aurelea Aaronson,Berlin,Smartphone,Zubehör,3,1197.36,PayPal,2,Nein
404,2025-06-04,Brock Muckart,Berlin,Laptop,Electronics,1,398.35,PayPal,4,Nein
405,2025-01-27,Leland McCormick,Stuttgart,Maus,Electronics,7,224.2,Banküberweisung,3,Nein
406,2026-05-26,Melosa Basset,Köln,Laptop,Zubehör,1,117.58,Banküberweisung,5,Nein
407,2025-02-02,Harper Amyes,Leipzig,Monitor,Electronics,6,378.92,Barzahlung,4,Ja
408,2025-06-15,Nathalie Reaman,Leipzig,Webcam,Zubehör,3,292.73,Kreditkarte,5,Nein
409,2025-12-17,Larine Lambell,Stuttgart,Monitor,Electronics,10,463.25,PayPal,1,Nein
410,2025-01-12,Helaine Durrington,Stuttgart,Kopfhörer,Zubehör,10,602.91,Barzahlung,5,Ja
411,2026-02-19,Hildagard Banting,Berlin,Monitor,Zubehör,5,448.06,Banküberweisung,2,Nein
412,2026-04-10,Vance Piaggia,Berlin,Maus,Electronics,3,1126.55,Barzahlung,4,Nein
413,2025-08-03,Doralynne Greatbank,Berlin,USB-Hub,Electronics,1,688.57,Banküberweisung,5,Nein
414,2025-03-13,Catarina Andrzejak,Köln,Monitor,Electronics,1,535.34,PayPal,5,Nein
415,2026-04-06,Gav Raden,Frankfurt,Tastatur,Zubehör,3,772.58,Kreditkarte,2,Nein
416,2025-03-11,Rosemarie Gillio,Stuttgart,Webcam,Electronics,3,582.2,Barzahlung,3,Nein
417,2026-04-29,Marys Tomasian,Frankfurt,Laptop,Zubehör,8,704.56,Banküberweisung,3,Nein
418,2026-03-28,Eleonora Arblaster,Hamburg,Kopfhörer,Electronics,7,1030.4,Banküberweisung,1,Nein
419,2025-07-30,Xylina Eke,Stuttgart,Laptop,Electronics,8,520.96,Banküberweisung,4,Nein
420,2025-02-08,Linnell Foyston,Berlin,Kopfhörer,Electronics,4,539.25,Banküberweisung,3,Ja
421,2025-08-17,Sayre Konig,Köln,Laptop,Zubehör,3,399.13,Kreditkarte,5,Ja
422,2025-05-06,Margot Brizland,Hamburg,Webcam,Zubehör,6,508.8,PayPal,1,Nein
423,2025-03-19,Harriott Harold,Stuttgart,Tastatur,Electronics,5,692.71,Barzahlung,1,Nein
424,2025-09-26,Cherish Constantine,München,USB-Hub,Electronics,10,1188.26,PayPal,3,Nein
425,2025-01-27,Dallis Gellett,München,Tastatur,Zubehör,5,141.0,Banküberweisung,2,Nein
426,2025-08-18,Willyt Aaronson,Frankfurt,Monitor,Zubehör,5,863.05,Barzahlung,1,Ja
427,2026-01-12,Jenny Tomaini,Frankfurt,Kopfhörer,Zubehör,4,995.09,PayPal,1,Nein
428,2025-03-20,Rois Sandwick,Düsseldorf,Kopfhörer,Electronics,7,991.63,Kreditkarte,1,Ja
429,2025-06-27,Christian Rotherforth,Hamburg,Tastatur,Zubehör,6,845.63,PayPal,5,Nein
430,2025-02-12,Lek Ballach,Leipzig,Maus,Zubehör,10,966.28,Barzahlung,4,Nein
431,2026-04-27,Christian Flexman,Leipzig,Maus,Zubehör,10,175.96,Banküberweisung,5,Nein
432,2025-01-15,Hurlee Fallon,Stuttgart,Monitor,Electronics,2,561.31,Barzahlung,4,Nein
433,2025-06-22,Harrie Genny,Hamburg,Laptop,Zubehör,2,795.38,PayPal,2,Nein
434,2025-02-10,Codi Hiscocks,Düsseldorf,Laptop,Zubehör,10,132.09,Kreditkarte,3,Nein
435,2025-11-21,Keely Withull,Köln,USB-Hub,Electronics,2,1072.36,Banküberweisung,5,Nein
436,2025-07-12,Austin Towson,Hamburg,Monitor,Zubehör,10,1115.93,Banküberweisung,3,Nein
437,2026-04-01,Blaine Iacobassi,Frankfurt,Smartphone,Zubehör,8,397.36,Barzahlung,5,Ja
438,2025-02-11,Giorgi Coopman,Düsseldorf,Laptop,Electronics,8,763.24,Barzahlung,5,Ja
439,2026-05-20,Bebe Prophet,Frankfurt,Smartphone,Electronics,7,252.35,Barzahlung,5,Nein
440,2025-08-23,Jayne Meletti,Hamburg,Kopfhörer,Zubehör,9,582.28,Barzahlung,5,Nein
441,2025-10-27,Osmond Tooker,Hamburg,Smartphone,Electronics,3,444.75,PayPal,4,Nein
442,2025-05-19,Cosme Richardes,Stuttgart,Webcam,Electronics,2,628.59,Kreditkarte,3,Nein
443,2025-08-21,Corbett Petrishchev,Köln,Kopfhörer,Electronics,4,502.17,PayPal,1,Nein
444,2026-04-10,Deerdre Titmarsh,München,Maus,Zubehör,5,491.75,Kreditkarte,4,Nein
445,2026-05-03,Dolores Mainz,Hamburg,Laptop,Zubehör,1,987.38,PayPal,2,Nein
446,2025-01-03,Marsiella Lacase,Düsseldorf,Maus,Electronics,2,1160.85,Kreditkarte,1,Nein
447,2025-07-31,Zorina Castles,München,Smartphone,Electronics,3,73.23,Barzahlung,4,Nein
448,2026-04-22,Tallou Herion,Leipzig,Smartphone,Electronics,5,900.74,Barzahlung,4,Nein
449,2025-12-14,Wright Brougham,Hamburg,Maus,Electronics,5,898.97,Banküberweisung,3,Ja
450,2025-11-20,Konstantine Shelborne,Köln,Webcam,Zubehör,8,1001.72,Barzahlung,3,Nein
451,2026-04-19,Phyllys Swindley,Leipzig,Monitor,Zubehör,3,1074.14,Barzahlung,3,Nein
452,2025-04-11,Ted Moar,München,Monitor,Zubehör,6,668.65,Barzahlung,1,Nein
453,2025-04-10,Tami Prestland,Leipzig,Kopfhörer,Electronics,9,931.87,Banküberweisung,1,Nein
454,2025-07-30,Rowney Leyband,Stuttgart,Tastatur,Electronics,1,471.43,Kreditkarte,5,Nein
455,2026-02-16,Marj Hardman,Stuttgart,Smartphone,Zubehör,9,1140.91,Kreditkarte,1,Nein
456,2026-05-16,Trixie Fairtlough,München,Webcam,Zubehör,9,722.72,Banküberweisung,5,Nein
457,2025-09-12,Taffy Talkington,Hamburg,Smartphone,Zubehör,7,984.39,Banküberweisung,4,Nein
458,2025-12-09,Claudie Spire,Leipzig,Tastatur,Electronics,2,732.34,Banküberweisung,1,Nein
459,2026-01-21,Lissy Turner,Düsseldorf,Monitor,Zubehör,5,595.84,Banküberweisung,1,Nein
460,2025-06-20,Clarke Conibeer,Berlin,Smartphone,Zubehör,2,547.61,PayPal,1,Ja
461,2025-11-27,Noll Robatham,Berlin,Smartphone,Electronics,6,1169.3,Barzahlung,1,Ja
462,2026-04-05,Cyndy Pringley,Hamburg,Monitor,Electronics,5,458.53,PayPal,4,Nein
463,2026-02-08,Cymbre Petris,München,USB-Hub,Electronics,1,1117.37,PayPal,2,Nein
464,2025-10-23,Marcille Sonschein,Stuttgart,Smartphone,Electronics,7,399.59,Banküberweisung,5,Nein
465,2025-09-01,Victor Rivalant,Leipzig,Smartphone,Electronics,6,46.82,Barzahlung,4,Ja
466,2025-09-02,Maury Larter,München,Monitor,Electronics,5,287.4,Banküberweisung,3,Nein
467,2025-02-24,Beverly Trinbey,Köln,Laptop,Electronics,1,1032.62,Banküberweisung,1,Nein
468,2025-01-16,Carr Bottoms,Berlin,Kopfhörer,Zubehör,9,913.49,PayPal,4,Nein
469,2026-01-09,Torie Durn,Frankfurt,Smartphone,Electronics,8,1167.11,PayPal,5,Nein
470,2026-05-07,Truman Chilles,München,USB-Hub,Electronics,9,533.74,Banküberweisung,5,Nein
471,2025-04-14,Nikolaus Brevetor,Köln,Laptop,Electronics,5,324.85,Barzahlung,2,Nein
472,2026-05-18,Roch Kline,Stuttgart,Webcam,Electronics,8,665.7,PayPal,1,Nein
473,2025-01-24,Nicolis Shulem,Hamburg,Kopfhörer,Electronics,2,500.78,Banküberweisung,1,Nein
474,2026-05-22,Ricca Lazar,Hamburg,Maus,Electronics,3,989.79,Kreditkarte,5,Nein
475,2025-02-27,Nobie Asling,Düsseldorf,Webcam,Zubehör,10,973.35,Kreditkarte,3,Nein
476,2025-05-21,Rivkah O'Brien,Düsseldorf,Monitor,Electronics,4,1064.9,Banküberweisung,5,Nein
477,2026-03-02,Clarisse Blaszczynski,Stuttgart,Kopfhörer,Electronics,9,299.35,Kreditkarte,4,Nein
478,2025-08-11,Louella Palffrey,Berlin,USB-Hub,Zubehör,1,523.24,Banküberweisung,5,Nein
479,2025-02-21,Kandace Fruchter,Berlin,Smartphone,Zubehör,7,1095.52,Barzahlung,1,Ja
480,2025-02-05,Ramsey Copelli,Köln,Monitor,Electronics,8,1107.11,Barzahlung,2,Nein
481,2025-08-17,Isidor Leschelle,München,Laptop,Electronics,5,119.99,Barzahlung,5,Nein
482,2026-03-20,Sophia Leatherbarrow,München,USB-Hub,Zubehör,10,1136.92,Barzahlung,3,Nein
483,2025-08-17,Rheta Godspede,München,USB-Hub,Zubehör,3,64.2,Barzahlung,2,Nein
484,2025-08-14,Clim Marquand,Köln,Maus,Electronics,2,774.97,Barzahlung,2,Nein
485,2026-02-27,Windy Di Filippo,Frankfurt,USB-Hub,Zubehör,3,205.11,Kreditkarte,1,Nein
486,2025-08-17,Rori Gowland,Düsseldorf,Smartphone,Zubehör,1,901.86,Banküberweisung,4,Nein
487,2025-08-18,Janey Monson,Köln,Webcam,Electronics,5,919.43,PayPal,5,Nein
488,2026-01-09,Garvey Kettell,Köln,Webcam,Zubehör,2,915.4,Kreditkarte,1,Ja
489,2025-09-11,Garland Hadlow,München,Kopfhörer,Zubehör,2,443.69,PayPal,4,Nein
490,2025-03-12,Liane Tregido,Stuttgart,Smartphone,Electronics,8,784.56,Barzahlung,4,Nein
491,2025-03-21,Delinda Burrett,Hamburg,Smartphone,Zubehör,7,776.28,Kreditkarte,4,Nein
492,2025-03-22,Raoul Bogace,Leipzig,Maus,Electronics,6,525.07,Banküberweisung,4,Nein
493,2025-06-23,Adeline Pechacek,Berlin,Smartphone,Electronics,7,338.71,Barzahlung,5,Nein
494,2025-09-29,Kissiah Stading,Frankfurt,Tastatur,Zubehör,5,42.18,Banküberweisung,2,Nein
495,2026-05-21,Loleta Bolf,Frankfurt,Smartphone,Zubehör,9,486.1,PayPal,5,Nein
496,2025-02-25,Brock Morford,Düsseldorf,Monitor,Electronics,3,351.95,PayPal,5,Nein
497,2025-06-03,Buffy Stannering,Düsseldorf,Smartphone,Electronics,4,811.93,Banküberweisung,1,Ja
498,2025-06-23,Cozmo Arter,Köln,Laptop,Electronics,5,917.2,Banküberweisung,2,Nein
499,2026-02-27,Hugh Kyles,Köln,Kopfhörer,Zubehör,4,525.65,PayPal,4,Nein
500,2025-12-22,Nadya Lavallie,Hamburg,Tastatur,Zubehör,7,329.32,Banküberweisung,2,Nein
501,2025-07-16,Jarid Beasant,Düsseldorf,Laptop,Electronics,4,513.49,Kreditkarte,1,Nein
502,2026-03-11,Jarad Hubberstey,Frankfurt,Tastatur,Zubehör,5,673.71,Banküberweisung,4,Nein
503,2026-05-03,Vanya Bande,Düsseldorf,Monitor,Zubehör,3,886.95,Barzahlung,5,Nein
504,2025-01-31,Kahaleel Arnli,Berlin,Tastatur,Electronics,1,184.43,Banküberweisung,3,Nein
505,2025-08-06,Tan Neath,Berlin,Smartphone,Zubehör,8,1190.95,Kreditkarte,2,Nein
506,2025-07-31,Reagen von Nassau,Frankfurt,Webcam,Zubehör,4,929.01,PayPal,5,Nein
507,2025-11-21,Laureen Dillintone,Hamburg,Tastatur,Electronics,7,86.86,Kreditkarte,1,Nein
508,2026-03-07,Tudor Sowrah,München,USB-Hub,Zubehör,7,518.57,Kreditkarte,5,Ja
509,2025-08-14,Laura Moodie,Frankfurt,Laptop,Electronics,7,868.05,Barzahlung,1,Nein
510,2026-01-01,Colly Gogan,München,Webcam,Zubehör,6,600.25,Barzahlung,4,Ja
511,2025-09-11,Felice Pinnijar,Leipzig,Smartphone,Zubehör,8,1054.04,Barzahlung,4,Ja
512,2026-05-05,Francisco Hoofe,Stuttgart,Kopfhörer,Zubehör,4,669.51,Barzahlung,2,Ja
513,2025-03-17,Dana Goudman,Berlin,Tastatur,Electronics,5,834.45,Barzahlung,2,Nein
514,2025-01-05,Shirlee Iacovone,Berlin,USB-Hub,Zubehör,6,973.36,Barzahlung,4,Nein
515,2025-04-07,Noell Mushett,Köln,Kopfhörer,Electronics,10,989.12,PayPal,4,Nein
516,2026-02-20,Cicily McDyer,Stuttgart,Laptop,Zubehör,6,535.35,Kreditkarte,5,Nein
517,2025-09-21,Evin Farriar,Köln,Kopfhörer,Zubehör,10,400.6,PayPal,5,Nein
518,2025-01-31,Othilie Metzel,Berlin,Kopfhörer,Zubehör,4,344.41,Kreditkarte,3,Nein
519,2026-03-17,Bartolomeo Essex,München,USB-Hub,Zubehör,2,1154.45,PayPal,3,Nein
520,2026-01-17,Rodney Waterworth,Leipzig,Tastatur,Electronics,5,148.11,PayPal,4,Nein
521,2025-09-24,Oren Spottiswood,Frankfurt,USB-Hub,Zubehör,7,1004.28,Barzahlung,1,Nein
522,2026-04-30,Lotta Trayhorn,Frankfurt,Laptop,Zubehör,9,197.91,Barzahlung,1,Nein
523,2025-01-12,Cecil Gentreau,Hamburg,Webcam,Electronics,8,750.98,PayPal,1,Ja
524,2026-05-19,Aurilia Mastrantone,Düsseldorf,Webcam,Electronics,6,552.59,Banküberweisung,1,Nein
525,2025-01-02,Vince Hoble,Hamburg,Maus,Zubehör,8,845.06,Barzahlung,1,Ja
526,2025-05-29,Euell Tapply,Frankfurt,Kopfhörer,Zubehör,6,410.42,Banküberweisung,2,Ja
527,2025-12-22,Sioux Sindle,Stuttgart,Monitor,Electronics,4,72.1,Banküberweisung,2,Nein
528,2025-03-10,Torr Tander,Hamburg,Laptop,Zubehör,10,1171.62,Barzahlung,4,Nein
529,2025-07-12,Tobias Posnette,München,Webcam,Electronics,6,474.98,Kreditkarte,4,Nein
530,2025-04-04,Harwilll Falls,Stuttgart,Webcam,Electronics,4,114.48,Banküberweisung,2,Nein
531,2026-04-09,Immanuel Doumer,Frankfurt,Tastatur,Zubehör,4,345.67,Barzahlung,2,Nein
532,2026-02-18,Allene Catonne,Frankfurt,USB-Hub,Electronics,7,97.41,Banküberweisung,1,Nein
533,2026-03-12,Berkley Core,Stuttgart,Kopfhörer,Zubehör,8,1127.05,Banküberweisung,5,Nein
534,2025-07-21,Micheal Farahar,Frankfurt,Monitor,Electronics,9,869.29,PayPal,1,Nein
535,2025-09-13,Simonette Moxted,Stuttgart,Smartphone,Zubehör,5,968.25,PayPal,2,Nein
536,2025-11-18,Dee Bartunek,Köln,Laptop,Zubehör,3,133.63,Barzahlung,4,Nein
537,2026-01-07,Reina Mordon,Stuttgart,Laptop,Electronics,4,941.49,Banküberweisung,5,Nein
538,2025-08-12,Dee Grealish,Leipzig,Laptop,Electronics,10,1181.28,Kreditkarte,5,Nein
539,2025-06-16,Virgie Born,Stuttgart,Kopfhörer,Zubehör,2,791.99,Kreditkarte,1,Nein
540,2025-08-14,Hamilton Lattimore,Frankfurt,Laptop,Zubehör,3,77.4,Barzahlung,4,Nein
541,2025-07-18,Danice Craigg,Köln,Tastatur,Electronics,9,439.07,Barzahlung,5,Nein
542,2025-07-08,Britta Beston,Frankfurt,Laptop,Zubehör,4,674.52,Kreditkarte,1,Nein
543,2025-05-22,Helli Burdge,Berlin,Tastatur,Electronics,8,323.28,Kreditkarte,3,Nein
544,2026-02-15,Gerhard Ondrasek,Berlin,Smartphone,Zubehör,1,495.42,PayPal,1,Nein
545,2025-10-30,Meir Metschke,Düsseldorf,Webcam,Zubehör,2,1195.46,Banküberweisung,2,Nein
546,2025-09-03,Jocko Aymes,Köln,Kopfhörer,Zubehör,9,373.0,Barzahlung,5,Nein
547,2026-02-11,Mitch Carine,Stuttgart,Tastatur,Zubehör,9,280.47,PayPal,4,Nein
548,2025-11-30,Orton Attride,Hamburg,USB-Hub,Electronics,5,556.62,Barzahlung,5,Nein
549,2025-12-18,Erin Elvish,Hamburg,Smartphone,Electronics,10,718.54,Banküberweisung,1,Nein
550,2025-02-14,Jessamyn Duran,Frankfurt,Laptop,Electronics,7,125.28,Barzahlung,1,Nein
551,2025-08-23,Gasper Blaik,Hamburg,Webcam,Electronics,9,403.18,PayPal,4,Nein
552,2025-02-18,Crista Pavluk,Berlin,Laptop,Zubehör,8,1199.19,Banküberweisung,1,Nein
553,2025-05-10,Stillman Morter,Stuttgart,USB-Hub,Zubehör,3,1088.45,Kreditkarte,5,Ja
554,2025-06-19,Korey Gianilli,Hamburg,Monitor,Electronics,10,1138.34,Barzahlung,3,Ja
555,2025-11-21,Claudette Bagnall,Hamburg,Monitor,Electronics,4,159.08,Barzahlung,4,Nein
556,2025-02-25,Robinet Brookwell,Berlin,Webcam,Zubehör,3,339.07,Kreditkarte,1,Nein
557,2026-03-01,Brittni Salzen,Düsseldorf,Webcam,Electronics,4,924.44,Barzahlung,2,Nein
558,2025-06-15,Cheston Learie,Hamburg,USB-Hub,Electronics,8,1075.35,PayPal,2,Nein
559,2025-01-13,Jess Escoffier,Leipzig,Kopfhörer,Zubehör,7,564.11,Kreditkarte,4,Nein
560,2025-05-03,Grazia Skully,München,USB-Hub,Zubehör,1,617.1,Barzahlung,5,Nein
561,2025-12-22,Ethel Really,Köln,Tastatur,Electronics,5,250.17,Barzahlung,2,Nein
562,2025-12-23,Gene Di Maria,Leipzig,USB-Hub,Zubehör,3,264.87,Kreditkarte,2,Nein
563,2026-01-19,Brynn Stannas,Köln,Kopfhörer,Zubehör,4,1065.21,Barzahlung,4,Nein
564,2025-06-08,Gusty Loughhead,München,Webcam,Electronics,3,402.19,Barzahlung,4,Nein
565,2025-05-09,Patrica Ludman,Stuttgart,Kopfhörer,Zubehör,2,565.62,PayPal,1,Nein
566,2025-11-21,Loutitia Ivanyukov,München,Maus,Zubehör,3,1050.09,Barzahlung,2,Nein
567,2025-06-17,Clem Kenney,Stuttgart,Monitor,Zubehör,9,83.58,Barzahlung,4,Nein
568,2025-12-29,Titus Caulket,Berlin,Webcam,Electronics,1,1160.02,Kreditkarte,4,Nein
569,2025-03-23,Jan Ancliffe,Düsseldorf,Monitor,Electronics,10,552.15,Banküberweisung,3,Nein
570,2025-09-23,Nicki Hartas,München,USB-Hub,Zubehör,7,684.44,PayPal,2,Ja
571,2025-05-20,L;urette Cadogan,Frankfurt,Tastatur,Zubehör,8,424.2,PayPal,2,Nein
572,2025-09-02,Ysabel Clapham,Berlin,Maus,Zubehör,10,1117.08,Barzahlung,5,Nein
573,2026-03-11,Aurora Chomley,Frankfurt,Monitor,Electronics,5,434.41,Banküberweisung,4,Ja
574,2025-04-23,Briana Jeannenet,München,Tastatur,Zubehör,3,715.38,PayPal,5,Nein
575,2026-05-11,Garik Rewcassell,Köln,Maus,Zubehör,8,778.63,PayPal,3,Nein
576,2025-01-23,Dalis Hamner,Hamburg,Kopfhörer,Zubehör,6,758.91,Kreditkarte,4,Nein
577,2026-02-28,Herculie Cairns,Düsseldorf,Tastatur,Zubehör,9,472.23,Banküberweisung,4,Nein
578,2025-04-09,Kath Crut,München,Monitor,Zubehör,4,139.61,Kreditkarte,2,Ja
579,2025-05-19,Davina McGhie,Düsseldorf,Webcam,Electronics,2,752.17,Barzahlung,5,Ja
580,2026-01-15,Ferdie Joubert,Düsseldorf,USB-Hub,Zubehör,1,1024.51,PayPal,1,Nein
581,2025-03-14,Hadleigh Durdle,Frankfurt,Laptop,Electronics,7,288.73,Kreditkarte,5,Nein
582,2025-10-02,Steward Neighbour,Berlin,Laptop,Electronics,1,751.19,Banküberweisung,4,Nein
583,2025-01-15,Kyle Pennrington,München,Maus,Electronics,3,913.88,PayPal,1,Nein
584,2025-07-21,Marietta Filyukov,Düsseldorf,Monitor,Electronics,4,1101.73,PayPal,1,Nein
585,2026-04-25,Falito Labba,Berlin,Kopfhörer,Zubehör,3,1105.01,Kreditkarte,5,Nein
586,2025-04-25,Rora Lensch,München,Webcam,Zubehör,10,1124.57,Banküberweisung,1,Ja
587,2026-03-09,Mavis Strothers,Köln,USB-Hub,Zubehör,7,270.67,Kreditkarte,1,Nein
588,2025-10-06,Clarine Arkcoll,Stuttgart,Laptop,Zubehör,2,552.65,Kreditkarte,3,Nein
589,2025-01-25,Morgun MacMeanma,Stuttgart,Laptop,Zubehör,8,711.63,Kreditkarte,3,Nein
590,2025-12-07,Giffy Bartley,München,Laptop,Electronics,7,738.79,Banküberweisung,1,Nein
591,2025-11-30,Wylie Fernley,Berlin,Monitor,Zubehör,4,687.26,PayPal,3,Nein
592,2025-10-29,Raynard Collerd,Berlin,Kopfhörer,Electronics,4,542.44,Banküberweisung,3,Nein
593,2025-09-08,Lefty Dunridge,Frankfurt,Maus,Electronics,1,76.87,PayPal,1,Nein
594,2025-03-23,Catherine Charnock,Stuttgart,Maus,Electronics,1,790.83,Barzahlung,5,Nein
595,2026-02-15,Hilary Rustich,Leipzig,Smartphone,Zubehör,10,820.19,Barzahlung,5,Nein
596,2025-08-10,Dalis Featherstone,Berlin,Kopfhörer,Electronics,10,700.4,Barzahlung,2,Nein
597,2025-08-31,Lorraine Becaris,Stuttgart,Kopfhörer,Zubehör,5,852.27,Banküberweisung,5,Nein
598,2025-04-15,Leila Royson,Köln,Monitor,Electronics,9,835.67,Banküberweisung,1,Nein
599,2026-01-21,Bobbie Bartholomaus,München,USB-Hub,Zubehör,5,1091.24,Barzahlung,3,Nein
600,2026-04-05,Washington Joseph,Stuttgart,Maus,Zubehör,5,368.67,Barzahlung,5,Ja
601,2025-04-25,Clywd Blunsum,Düsseldorf,USB-Hub,Electronics,9,394.05,Barzahlung,1,Nein
602,2025-10-11,Shamus Doidge,Berlin,USB-Hub,Zubehör,9,74.2,Barzahlung,3,Ja
603,2025-11-06,Vaughan Renneke,Stuttgart,Monitor,Zubehör,4,241.63,Barzahlung,5,Nein
604,2025-06-05,Drusie Circuitt,Stuttgart,USB-Hub,Electronics,4,1148.23,Kreditkarte,4,Nein
605,2025-05-11,Ailbert Duhig,Hamburg,Laptop,Zubehör,3,1052.28,PayPal,3,Nein
606,2025-08-18,Derwin Bleakman,Frankfurt,Smartphone,Electronics,9,719.71,PayPal,1,Nein
607,2025-02-07,Keriann Ferronier,Leipzig,Monitor,Electronics,9,68.4,Kreditkarte,5,Ja
608,2025-11-26,Chuck Ruddock,Düsseldorf,Laptop,Electronics,1,592.21,Barzahlung,5,Ja
609,2025-12-17,Moira Mort,Frankfurt,Smartphone,Electronics,2,86.22,PayPal,1,Nein
610,2025-11-01,Aldo Karpenya,München,Smartphone,Electronics,9,459.52,PayPal,1,Nein
611,2025-12-07,Emmit Fowells,Berlin,Monitor,Electronics,2,1122.31,Barzahlung,5,Nein
612,2025-05-19,Jeramie Fillery,Berlin,Smartphone,Zubehör,1,1098.77,Barzahlung,2,Nein
613,2025-11-13,Amelia Bradder,Berlin,Monitor,Electronics,6,1198.72,Barzahlung,5,Nein
614,2025-10-19,Nicki Petrelli,Düsseldorf,Smartphone,Electronics,5,804.78,Banküberweisung,1,Ja
615,2026-03-19,Edan Eckley,Köln,Tastatur,Electronics,8,856.31,Kreditkarte,2,Ja
616,2025-05-12,Vicky Blackader,Berlin,Maus,Zubehör,5,616.99,Barzahlung,5,Nein
617,2025-02-19,Kalindi Yakovl,Stuttgart,Laptop,Zubehör,8,147.38,Kreditkarte,3,Nein
618,2025-06-23,Car Moses,Berlin,Monitor,Zubehör,3,176.02,PayPal,3,Ja
619,2026-04-28,Kennett Mounch,Leipzig,Webcam,Zubehör,8,1167.88,Kreditkarte,2,Nein
620,2026-04-29,Ivar Ollive,Düsseldorf,Tastatur,Zubehör,1,696.19,Kreditkarte,3,Nein
621,2025-05-12,Elwin Luxmoore,Düsseldorf,Monitor,Electronics,4,519.05,Kreditkarte,3,Nein
622,2025-05-03,Ennis Whittlesey,Düsseldorf,Webcam,Electronics,6,212.65,Barzahlung,4,Ja
623,2025-01-13,Emanuele Enbury,Hamburg,Monitor,Zubehör,10,107.17,PayPal,2,Ja
624,2025-02-27,Ketti Drover,Hamburg,Tastatur,Zubehör,5,227.69,PayPal,2,Nein
625,2026-01-20,Darleen Castelluzzi,Leipzig,USB-Hub,Zubehör,6,353.54,Banküberweisung,1,Nein
626,2026-01-01,Wini Spaducci,Leipzig,Laptop,Electronics,10,532.3,Banküberweisung,2,Nein
627,2025-01-21,Hewett Pimblotte,Köln,Smartphone,Electronics,1,817.02,Barzahlung,3,Nein
628,2025-12-23,Bordie Kester,Düsseldorf,Maus,Electronics,4,408.47,Banküberweisung,5,Nein
629,2025-06-27,Gale Boliver,Berlin,Smartphone,Zubehör,9,514.3,Banküberweisung,1,Nein
630,2025-10-28,Haily Larive,Hamburg,Laptop,Electronics,2,669.98,PayPal,2,Nein
631,2025-08-28,Carmelia Adam,Hamburg,Maus,Electronics,1,1145.19,PayPal,2,Nein
632,2025-04-24,Fin Habden,Köln,Maus,Zubehör,10,671.56,Kreditkarte,2,Nein
633,2025-02-18,Anatollo Tomalin,Hamburg,Kopfhörer,Electronics,4,1038.89,Barzahlung,4,Nein
634,2025-11-28,Donia Chawner,München,Monitor,Zubehör,7,49.79,Banküberweisung,2,Nein
635,2025-06-15,Oralla Mustoo,Frankfurt,Monitor,Zubehör,9,488.13,Kreditkarte,2,Nein
636,2025-06-21,Chev Fookes,Berlin,Kopfhörer,Zubehör,10,733.94,Banküberweisung,3,Nein
637,2025-11-09,Ingeberg Judkin,Stuttgart,Laptop,Electronics,10,1086.05,Kreditkarte,3,Ja
638,2026-04-03,Ferguson Barnby,Frankfurt,Smartphone,Electronics,8,183.19,Banküberweisung,1,Nein
639,2026-05-03,Porty Sherlock,Düsseldorf,USB-Hub,Zubehör,4,1184.1,Kreditkarte,3,Nein
640,2025-02-26,Elvina Byrne,Köln,Webcam,Electronics,2,383.22,Kreditkarte,2,Nein
641,2025-06-06,Clement Balme,Berlin,USB-Hub,Electronics,4,1106.57,Kreditkarte,4,Ja
642,2025-10-31,Judye Gounot,Berlin,Smartphone,Electronics,3,751.88,Kreditkarte,2,Nein
643,2025-02-10,Emmerich Olford,Düsseldorf,USB-Hub,Zubehör,8,414.49,Banküberweisung,2,Ja
644,2025-09-06,Erwin Rosenblath,Berlin,USB-Hub,Zubehör,4,1035.44,Banküberweisung,2,Nein
645,2025-11-19,Job Greatrakes,Stuttgart,Maus,Zubehör,2,1072.84,Banküberweisung,2,Nein
646,2025-08-07,Jeremy Reinger,Düsseldorf,Laptop,Zubehör,5,35.91,Barzahlung,5,Ja
647,2025-09-06,Aubrie Guiu,Berlin,USB-Hub,Zubehör,7,375.91,Barzahlung,2,Nein
648,2025-03-31,Krishna Gobbet,München,Webcam,Zubehör,7,554.38,PayPal,1,Nein
649,2025-02-10,Francois Collens,Berlin,USB-Hub,Electronics,3,91.2,Barzahlung,1,Ja
650,2026-01-12,Ode Tutsell,Hamburg,Smartphone,Electronics,8,46.5,Banküberweisung,1,Nein
651,2026-01-30,Kristos Hens,Köln,Monitor,Zubehör,4,1121.03,Kreditkarte,3,Nein
652,2025-02-24,Matthus McCready,Köln,Monitor,Electronics,5,197.97,Kreditkarte,5,Nein
653,2025-07-27,Moss Middlewick,Leipzig,Maus,Zubehör,10,1186.04,Barzahlung,5,Ja
654,2025-12-27,Roy Beacham,Düsseldorf,Maus,Zubehör,2,611.99,Banküberweisung,4,Nein
655,2025-01-08,Idalina Le Maitre,Hamburg,Maus,Electronics,6,589.55,PayPal,4,Ja
656,2026-04-16,Brittan Ambrogini,Stuttgart,Smartphone,Zubehör,3,240.2,Kreditkarte,3,Nein
657,2025-09-26,Eldredge Koch,Hamburg,Maus,Electronics,3,550.14,PayPal,2,Nein
658,2026-02-19,Rochette Rehorek,Düsseldorf,Monitor,Electronics,8,235.2,Barzahlung,3,Nein
659,2025-11-26,Penny Clemenson,Köln,USB-Hub,Zubehör,3,744.61,PayPal,3,Nein
660,2025-06-12,Eliza Dewdney,Hamburg,Laptop,Zubehör,2,637.18,Barzahlung,3,Nein
661,2026-01-05,Claudina Mayell,Berlin,Kopfhörer,Electronics,9,17.43,Kreditkarte,3,Nein
662,2025-02-11,Everett Chinnick,Berlin,Smartphone,Electronics,10,806.73,PayPal,1,Nein
663,2026-01-16,Kevon Keniwell,Leipzig,Laptop,Electronics,1,895.21,Kreditkarte,2,Nein
664,2025-11-15,Tamqrah Deplacido,Stuttgart,Monitor,Zubehör,2,200.03,Kreditkarte,4,Ja
665,1899-01-01,Nora Hiddersley,Frankfurt,USB-Hub,Electronics,3,818.2,PayPal,3,Nein
666,2025-09-19,Caren Ronaldson,Berlin,Monitor,Electronics,9,174.69,Kreditkarte,4,Nein
667,2025-10-30,Madeleine Heinzel,Düsseldorf,Tastatur,Zubehör,6,572.43,Barzahlung,2,Nein
668,2025-11-15,Hilde Viall,Köln,Smartphone,Electronics,5,857.41,Barzahlung,4,Nein
669,2026-01-01,Dotty Heaford,München,Smartphone,Electronics,1,451.9,Barzahlung,4,Nein
670,2026-02-16,Goldina Barrack,Berlin,Laptop,Electronics,9,777.56,PayPal,2,Nein
671,2025-11-03,Venita Pirdue,Berlin,Kopfhörer,Zubehör,2,835.95,Banküberweisung,4,Ja
672,2025-05-26,Twila Franca,Stuttgart,Laptop,Zubehör,10,1116.86,PayPal,5,Nein
673,2026-02-28,Justinian Langlais,Stuttgart,Tastatur,Zubehör,8,485.95,PayPal,1,Nein
674,2025-08-11,Sergent Zink,Hamburg,Webcam,Zubehör,9,960.95,Banküberweisung,3,Nein
675,2025-01-29,Penelope Shute,Stuttgart,USB-Hub,Electronics,8,499.29,Banküberweisung,1,Nein
676,2025-01-31,Anthe Leverton,Köln,Laptop,Electronics,9,240.61,Kreditkarte,5,Nein
677,2025-10-06,Iorgos Forri,Berlin,Maus,Electronics,9,943.69,Kreditkarte,1,Nein
678,2025-10-01,Coriss Taggerty,Frankfurt,Laptop,Zubehör,7,68.41,Kreditkarte,4,Ja
679,2025-08-06,Verine Sherrum,Düsseldorf,Tastatur,Electronics,5,958.94,PayPal,1,Nein
680,2025-09-03,Darell Zum Felde,München,Maus,Zubehör,3,773.05,Barzahlung,2,Nein
681,2025-01-15,Sven Geist,Stuttgart,Monitor,Zubehör,3,704.54,Barzahlung,5,Nein
682,2025-10-03,Sherye Stanning,Köln,Monitor,Electronics,2,482.49,Kreditkarte,2,Ja
683,2025-07-12,Lorna Sumner,Frankfurt,Kopfhörer,Electronics,3,1095.74,Banküberweisung,3,Nein
684,2025-08-11,Vachel Courtonne,Düsseldorf,Maus,Zubehör,9,94.63,Kreditkarte,4,Nein
685,2025-01-30,Killy Wrenn,Berlin,Smartphone,Electronics,10,904.86,Banküberweisung,5,Ja
686,2025-07-17,Verna Shanks,Hamburg,Laptop,Electronics,6,538.74,Kreditkarte,3,Nein
687,2025-02-21,Ulrich Possek,Köln,USB-Hub,Electronics,8,16.87,Kreditkarte,1,Nein
688,2026-02-06,Evey Razzell,Köln,Monitor,Zubehör,6,129.22,Kreditkarte,4,Nein
689,2025-03-24,Brina Pinch,Stuttgart,Tastatur,Zubehör,7,321.15,PayPal,4,Ja
690,2026-01-18,Madella Doale,Köln,Monitor,Electronics,3,828.85,Barzahlung,2,Nein
691,2025-11-05,Zia Vida,Düsseldorf,Webcam,Zubehör,6,810.45,Banküberweisung,1,Nein
692,2025-11-22,Boyce Khomich,Leipzig,Smartphone,Electronics,4,883.18,Barzahlung,2,Ja
693,2025-06-14,Griff Cheine,Stuttgart,Smartphone,Zubehör,7,912.59,Kreditkarte,3,Nein
694,2025-10-20,Stephannie Dalling,Köln,Monitor,Zubehör,5,773.74,Banküberweisung,3,Nein
695,2026-05-29,Lay Avramovic,Leipzig,Kopfhörer,Electronics,6,43.05,Banküberweisung,1,Nein
696,2025-12-11,Suki Instrell,Berlin,Webcam,Zubehör,7,465.3,Banküberweisung,4,Ja
697,2025-02-12,Drusie Bjerkan,Frankfurt,Maus,Electronics,10,327.69,Banküberweisung,2,Nein
698,2025-10-10,Caitlin Deplacido,Stuttgart,Webcam,Electronics,4,643.73,Barzahlung,1,Nein
699,2025-10-11,Ezmeralda Dumblton,Stuttgart,Kopfhörer,Electronics,3,254.12,PayPal,4,Nein
700,2025-06-13,Lev Rohmer,Köln,Webcam,Electronics,3,896.44,Barzahlung,5,Nein
701,2025-05-27,Kahaleel Chidley,Hamburg,Kopfhörer,Electronics,10,1183.64,Kreditkarte,4,Nein
702,2025-05-13,Zared Van Arsdale,Köln,Kopfhörer,Zubehör,8,1161.63,PayPal,2,Nein
703,2026-03-09,Stanwood Brobyn,München,USB-Hub,Zubehör,6,965.66,PayPal,5,Nein
704,2025-02-18,Rebekah Sawood,Frankfurt,Laptop,Zubehör,1,403.14,PayPal,5,Nein
705,2025-08-02,Deeanne Probbing,Frankfurt,Smartphone,Electronics,4,991.17,Banküberweisung,3,Nein
706,2025-07-09,Bryn Babington,Berlin,USB-Hub,Zubehör,4,638.31,Barzahlung,4,Nein
707,2026-05-30,Chevalier Sutliff,Berlin,Laptop,Zubehör,2,707.2,PayPal,1,Nein
708,2025-01-21,Dalton Fake,Frankfurt,Tastatur,Electronics,6,599.77,Banküberweisung,2,Ja
709,2025-04-09,Bette Walrond,Düsseldorf,Tastatur,Zubehör,6,735.93,PayPal,3,Nein
710,2025-02-19,Estrella Shatford,Frankfurt,Monitor,Zubehör,2,537.4,PayPal,1,Ja
711,2025-06-20,Morse Cudbertson,Stuttgart,Kopfhörer,Electronics,9,395.53,PayPal,4,Nein
712,2026-02-28,Bev Conyers,Frankfurt,Webcam,Zubehör,5,279.67,Barzahlung,2,Ja
713,2026-02-26,Moyra Scimoni,Berlin,Maus,Zubehör,8,400.45,Banküberweisung,3,Ja
714,2025-12-28,Jacinta Farthin,München,Monitor,Electronics,9,820.19,Barzahlung,1,Nein
715,2026-01-01,Georg Grene,München,USB-Hub,Electronics,9,430.88,Banküberweisung,2,Nein
716,2025-05-01,Damian Huntall,Köln,Webcam,Electronics,5,680.42,PayPal,4,Nein
717,2025-01-10,Ethelyn Heinz,Leipzig,Monitor,Zubehör,7,31.74,Kreditkarte,3,Nein
718,2025-02-23,Brynne Offen,Berlin,Smartphone,Zubehör,9,619.78,Banküberweisung,4,Ja
719,2025-11-21,Thomasina Taylerson,Berlin,Tastatur,Electronics,2,285.94,Barzahlung,1,Nein
720,2025-08-24,Darryl Lawrence,Hamburg,Monitor,Zubehör,6,73.91,Kreditkarte,3,Ja
721,2026-05-20,Hallie Helks,München,Maus,Zubehör,2,422.35,Kreditkarte,3,Nein
722,2025-04-27,Ange Marrion,München,Kopfhörer,Electronics,8,42.8,Barzahlung,4,Nein
723,2025-11-02,Carilyn Elgood,Düsseldorf,Monitor,Electronics,3,1080.99,Kreditkarte,2,Nein
724,2025-06-01,Waite Patty,Leipzig,Maus,Electronics,7,923.89,Kreditkarte,2,Nein
725,2025-11-28,Larina Bissell,Stuttgart,Maus,Zubehör,2,138.08,Banküberweisung,1,Nein
726,2025-06-19,Sarine McGenn,Frankfurt,Smartphone,Electronics,2,1007.92,Barzahlung,3,Nein
727,2025-01-19,Chastity Dries,Stuttgart,Webcam,Zubehör,5,205.0,Banküberweisung,1,Ja
728,2025-07-04,Sheilah Grant,Düsseldorf,Kopfhörer,Electronics,7,650.27,Banküberweisung,1,Nein
729,2025-07-16,Granville Conant,Berlin,Webcam,Zubehör,10,561.4,Kreditkarte,1,Nein
730,2025-04-18,Even Hawkings,Leipzig,Tastatur,Electronics,1,420.32,Banküberweisung,3,Nein
731,2026-02-04,Bryant Sartin,Köln,Webcam,Zubehör,7,257.17,PayPal,5,Nein
732,2025-04-13,Issie Breissan,Berlin,Monitor,Electronics,4,1179.83,Barzahlung,5,Nein
733,2025-02-01,Candis Merkel,Leipzig,Laptop,Zubehör,10,180.62,Barzahlung,5,Nein
734,2026-03-29,Udell Scroggs,Stuttgart,Maus,Zubehör,2,792.13,Barzahlung,3,Nein
735,2025-03-04,Emogene Erik,Berlin,Webcam,Zubehör,2,394.78,Barzahlung,1,Nein
736,2026-04-12,Keelby Sydney,Hamburg,Kopfhörer,Electronics,5,1117.16,Kreditkarte,5,Nein
737,2026-02-05,Bryant Inett,Düsseldorf,Webcam,Electronics,2,221.32,Kreditkarte,1,Nein
738,2025-10-04,Haleigh Redbourn,Frankfurt,Monitor,Zubehör,4,649.22,PayPal,3,Nein
739,2025-11-12,Adam Meddows,Frankfurt,Tastatur,Electronics,3,631.45,PayPal,5,Nein
740,2026-03-13,Justina Sparry,Hamburg,Laptop,Electronics,8,334.3,Barzahlung,3,Nein
741,2025-02-09,Rodina Barhims,Köln,Tastatur,Electronics,4,204.18,Kreditkarte,3,Ja
742,2025-11-03,Mickey De Gouy,Köln,Kopfhörer,Zubehör,9,674.18,PayPal,4,Nein
743,2025-07-22,Anabel Tomisch,Hamburg,USB-Hub,Zubehör,3,783.15,Barzahlung,2,Nein
744,2025-07-02,Shane Hutt,Stuttgart,Webcam,Zubehör,3,63.45,Barzahlung,4,Ja
745,2025-05-14,Liva Wilmore,Düsseldorf,Maus,Electronics,1,1140.81,Kreditkarte,5,Nein
746,2025-04-04,Cissiee Rawes,Leipzig,Kopfhörer,Electronics,5,657.95,Barzahlung,3,Nein
747,2026-03-16,Merrill Wogan,Stuttgart,Kopfhörer,Electronics,5,1058.55,PayPal,3,Nein
748,2025-09-24,Asia Pettecrew,Hamburg,Laptop,Electronics,6,381.42,PayPal,1,Nein
749,2025-02-10,Jorgan Schober,Köln,Webcam,Zubehör,9,924.82,Barzahlung,2,Nein
750,2026-02-20,Christoffer Castelletto,Hamburg,Smartphone,Electronics,8,1144.29,Barzahlung,5,Nein
751,2025-05-23,Norrie Warrillow,Leipzig,Laptop,Zubehör,4,790.38,PayPal,2,Nein
752,2025-12-07,Nicola Kitchingman,Leipzig,Laptop,Zubehör,4,699.59,Banküberweisung,5,Ja
753,2025-12-08,Cassy Fraczak,Berlin,Maus,Electronics,9,835.35,Barzahlung,2,Ja
754,2025-05-25,Ulrick Conklin,Leipzig,Smartphone,Zubehör,8,1008.96,Kreditkarte,2,Nein
755,2025-08-01,Dale Jimmison,Düsseldorf,Tastatur,Zubehör,8,17.64,Banküberweisung,4,Nein
756,2025-01-23,Loralee Farlowe,Hamburg,Maus,Zubehör,1,932.44,Barzahlung,4,Nein
757,2025-05-25,Grenville Baiden,Düsseldorf,Laptop,Zubehör,10,428.95,PayPal,3,Nein
758,2026-04-15,Viva Melsome,Berlin,Kopfhörer,Zubehör,5,112.12,Kreditkarte,4,Nein
759,2025-01-12,Averill Lambrick,Hamburg,Monitor,Zubehör,3,730.97,PayPal,5,Nein
760,2025-08-21,Bealle Condit,München,Maus,Zubehör,1,236.34,PayPal,3,Nein
761,2025-04-10,Caitlin Kempson,Leipzig,Tastatur,Zubehör,8,505.7,Kreditkarte,2,Ja
762,2025-03-01,Randolf Roscamp,Frankfurt,Laptop,Zubehör,4,792.95,Barzahlung,1,Nein
763,2025-02-01,Dion Tomaszek,München,Monitor,Electronics,5,41.01,Kreditkarte,2,Nein
764,2025-05-10,Worth Pancoast,Hamburg,Laptop,Zubehör,1,312.7,Kreditkarte,3,Nein
765,2026-04-15,Zuzana Misselbrook,Frankfurt,Maus,Zubehör,6,129.66,Banküberweisung,4,Nein
766,2025-04-28,Homer Gibard,München,Webcam,Zubehör,5,734.55,Barzahlung,3,Nein
767,2025-08-14,Kennan Lidington,Stuttgart,USB-Hub,Electronics,9,1052.84,Kreditkarte,2,Ja
768,2025-10-18,Carrol Coulter,München,Tastatur,Zubehör,8,197.82,PayPal,4,Nein
769,2025-10-05,Basil Veldens,Berlin,Monitor,Electronics,3,173.48,Kreditkarte,4,Ja
770,2025-09-26,Wrennie Gander,Köln,USB-Hub,Electronics,1,359.05,Barzahlung,5,Ja
771,2025-02-25,Paddie Siaskowski,Berlin,Monitor,Zubehör,10,537.67,Banküberweisung,1,Nein
772,2025-05-08,Kristian Sharrier,Leipzig,USB-Hub,Electronics,2,155.98,Banküberweisung,4,Nein
773,2025-09-24,Kenon Serrell,Leipzig,Kopfhörer,Zubehör,2,799.53,PayPal,2,Nein
774,2025-05-11,Barbie Pescott,Düsseldorf,Kopfhörer,Zubehör,1,858.19,Barzahlung,1,Nein
775,2026-05-17,Napoleon Oldam,Stuttgart,Webcam,Electronics,2,799.09,Kreditkarte,1,Nein
776,2025-01-27,Saidee Deschelle,Stuttgart,Monitor,Electronics,8,562.5,Barzahlung,5,Nein
777,2025-06-12,Prinz Prosh,Hamburg,Kopfhörer,Electronics,10,69.28,Barzahlung,3,Nein
778,2025-10-02,Wendeline Frift,Leipzig,Laptop,Electronics,6,894.43,Barzahlung,5,Nein
779,2025-07-22,Jim Clapison,Düsseldorf,USB-Hub,Electronics,9,854.07,Barzahlung,2,Nein
780,2026-05-04,Alfonse Cadman,Köln,Smartphone,Electronics,2,105.51,Banküberweisung,4,Nein
781,2025-07-20,Auberta Dundredge,Leipzig,Monitor,Zubehör,1,107.23,Kreditkarte,4,Nein
782,2026-05-06,Erastus Tindley,München,Laptop,Zubehör,7,266.34,Kreditkarte,4,Nein
783,2026-01-09,Lise Derks,Köln,Tastatur,Zubehör,8,771.1,Kreditkarte,2,Nein
784,2025-03-11,Milty Machen,Köln,Smartphone,Electronics,8,696.99,Banküberweisung,2,Ja
785,2025-06-22,Ursulina Wint,Leipzig,Kopfhörer,Zubehör,7,222.39,Kreditkarte,3,Ja
786,2025-01-29,Annabal Empleton,Leipzig,Monitor,Electronics,5,894.25,Banküberweisung,5,Nein
787,2026-04-13,Annora Sergeaunt,Köln,Monitor,Electronics,9,358.09,Kreditkarte,5,Ja
788,2025-07-11,Reyna Banville,Düsseldorf,Tastatur,Electronics,2,231.99,Kreditkarte,2,Nein
789,2025-07-26,Nesta Mogford,Frankfurt,Webcam,Zubehör,8,944.83,PayPal,2,Nein
790,2025-05-15,Terrel Gorcke,Hamburg,Kopfhörer,Zubehör,5,445.15,PayPal,4,Nein
791,2025-08-15,Berky Sarjant,Berlin,Smartphone,Zubehör,3,993.71,Kreditkarte,4,Nein
792,2025-07-17,Griffin Duffus,Leipzig,Maus,Zubehör,3,647.52,PayPal,1,Nein
793,2025-08-07,Koralle Parton,Stuttgart,Webcam,Zubehör,3,776.84,Banküberweisung,4,Nein
794,2025-03-13,Anthe Vanichev,Berlin,Tastatur,Zubehör,7,1006.64,Barzahlung,2,Nein
795,2025-03-13,Huberto Longea,Düsseldorf,Tastatur,Zubehör,7,436.11,Kreditkarte,1,Nein
796,2025-03-15,Reiko Empson,Leipzig,Monitor,Electronics,5,193.47,Banküberweisung,4,Nein
797,2025-06-11,Cam Kilshaw,Leipzig,Webcam,Electronics,6,1174.31,Barzahlung,5,Nein
798,2025-12-10,Poppy Pariso,Stuttgart,Maus,Zubehör,4,793.65,Kreditkarte,2,Nein
799,2025-11-27,Dorene Heskey,Stuttgart,Kopfhörer,Electronics,9,575.39,Kreditkarte,2,Nein
800,2025-04-30,Riane Hoodlass,Leipzig,Tastatur,Electronics,2,299.28,Kreditkarte,1,Nein
801,2025-04-04,Charmian Rijkeseis,Düsseldorf,Kopfhörer,Electronics,8,33.52,Kreditkarte,4,Nein
802,2025-02-04,Homere Bonnick,Berlin,USB-Hub,Electronics,2,400.88,Kreditkarte,2,Nein
803,2026-02-06,Elvina Caygill,Stuttgart,Kopfhörer,Zubehör,1,497.36,Kreditkarte,5,Nein
804,2026-01-13,Welby Mancell,Düsseldorf,Maus,Zubehör,7,1010.48,Kreditkarte,2,Ja
805,2025-02-27,Karlens Westraw,Stuttgart,Tastatur,Zubehör,2,953.9,Barzahlung,1,Nein
806,2025-11-02,Parsifal Lowrance,Frankfurt,Smartphone,Electronics,10,191.73,PayPal,4,Nein
807,2026-05-25,Fiona Muggleton,München,Smartphone,Electronics,3,236.27,Barzahlung,5,Nein
808,2025-03-02,Latashia Wiles,Stuttgart,Kopfhörer,Electronics,1,1118.05,PayPal,5,Nein
809,2026-05-14,Alice Whistance,München,Maus,Zubehör,10,1058.53,Barzahlung,1,Nein
810,2026-03-02,Wilbert Rolance,Frankfurt,Tastatur,Electronics,3,474.36,Kreditkarte,1,Ja
811,2026-02-09,Matthew Zamorano,Frankfurt,Kopfhörer,Electronics,1,700.69,PayPal,3,Nein
812,2025-06-11,Nobe Seer,München,Laptop,Zubehör,8,52.28,Banküberweisung,5,Ja
813,2025-07-07,Maurene Odams,Köln,Webcam,Electronics,3,1010.27,PayPal,2,Nein
814,2026-02-28,Esmaria Kerans,Köln,Tastatur,Electronics,7,93.02,Barzahlung,4,Nein
815,2025-04-26,Mil Garretts,Hamburg,Kopfhörer,Electronics,9,49.45,Banküberweisung,2,Nein
816,2025-08-22,Marlee Gyngyll,Leipzig,Webcam,Zubehör,3,70.37,Banküberweisung,3,Nein
817,2025-05-14,Flossi Tyne,Düsseldorf,Kopfhörer,Zubehör,1,158.74,PayPal,4,Nein
818,2025-12-14,Elvina Beirne,München,Smartphone,Zubehör,8,969.09,Banküberweisung,5,Nein
819,2026-04-21,Madelyn De La Haye,Stuttgart,USB-Hub,Zubehör,9,1158.42,Kreditkarte,2,Nein
820,2025-02-07,Dorice Broderick,Hamburg,Tastatur,Electronics,9,579.48,Barzahlung,3,Nein
821,2025-12-30,Olimpia Geely,Köln,Monitor,Zubehör,8,559.25,Banküberweisung,4,Nein
822,2025-08-28,Faber Gaymer,Düsseldorf,Monitor,Electronics,6,880.68,Kreditkarte,2,Ja
823,2025-01-29,Arnie Knobell,Berlin,Smartphone,Zubehör,9,195.23,Barzahlung,1,Nein
824,2025-10-20,Reyna Messiter,Hamburg,Maus,Electronics,2,414.22,PayPal,4,Nein
825,2025-08-04,Colman Munkton,Leipzig,Kopfhörer,Zubehör,6,104.12,Barzahlung,4,Nein
826,2025-07-05,Niel Muscott,Düsseldorf,Laptop,Electronics,10,280.6,Banküberweisung,3,Ja
827,2025-06-02,Mireille Densie,Köln,Monitor,Electronics,4,778.51,PayPal,1,Nein
828,2026-02-14,Hubey Quilkin,Hamburg,USB-Hub,Electronics,4,28.19,Kreditkarte,5,Nein
829,2026-02-16,Ricard Titchen,München,Maus,Electronics,8,528.54,PayPal,2,Ja
830,2026-04-09,Kelcey Johnsee,Hamburg,Monitor,Zubehör,2,952.22,Banküberweisung,5,Nein
831,2026-05-05,Brendis Raitie,Frankfurt,Kopfhörer,Electronics,8,1147.9,Kreditkarte,3,Nein
832,2025-09-20,Alaine Oury,Berlin,Tastatur,Electronics,3,219.81,Kreditkarte,3,Nein
833,2025-05-23,Friedrich Masi,Köln,USB-Hub,Electronics,5,1052.28,Kreditkarte,3,Ja
834,2025-02-10,Gilbertine Sambiedge,Hamburg,Smartphone,Zubehör,9,536.35,Banküberweisung,1,Ja
835,2025-11-02,Ardene Esseby,Frankfurt,Webcam,Zubehör,6,731.65,PayPal,2,Nein
836,2025-10-09,Onida Binny,Stuttgart,Tastatur,Zubehör,4,1038.26,Barzahlung,1,Nein
837,2026-03-06,Jade Dawson,Berlin,Monitor,Electronics,3,171.59,PayPal,4,Nein
838,2025-05-10,Tad Bougen,Frankfurt,Monitor,Electronics,8,156.83,Kreditkarte,2,Nein
839,2026-04-22,Myer Jarrard,München,Kopfhörer,Zubehör,6,69.74,Banküberweisung,4,Nein
840,2025-02-22,Mitchel Schlag,Düsseldorf,Tastatur,Zubehör,7,1072.98,PayPal,4,Nein
841,2026-02-05,Alfy Powland,Leipzig,Maus,Zubehör,1,99.24,Kreditkarte,4,Nein
842,2025-09-17,Ivory Vanichev,Hamburg,USB-Hub,Electronics,10,459.52,Banküberweisung,2,Nein
843,2025-07-25,Pearce Dunstall,Düsseldorf,Tastatur,Electronics,10,1122.39,PayPal,3,Nein
844,2026-03-23,Marney Ovanesian,Hamburg,Maus,Zubehör,7,835.65,Kreditkarte,3,Nein
845,2025-02-17,Ivett Giddings,Leipzig,Maus,Zubehör,5,119.31,Barzahlung,5,Nein
846,2025-01-12,Hiram Cahn,München,Smartphone,Zubehör,5,267.37,Banküberweisung,5,Nein
847,2025-08-06,Delmar Golson,Köln,Tastatur,Zubehör,8,645.5,PayPal,2,Nein
848,2025-01-09,Rainer Millsap,Berlin,Kopfhörer,Zubehör,8,706.08,Barzahlung,3,Nein
849,2025-10-28,Winny Buxcey,Hamburg,Tastatur,Electronics,10,53.28,Banküberweisung,2,Ja
850,2026-04-05,Yehudi Isacq,Berlin,USB-Hub,Electronics,7,1119.54,Banküberweisung,2,Nein
851,2025-04-15,Alison Anlay,Hamburg,Smartphone,Electronics,2,372.21,Barzahlung,3,Ja
852,2026-03-03,Gwyneth Spellman,Frankfurt,Monitor,Electronics,8,1118.34,Banküberweisung,3,Nein
853,2025-10-05,Jone Leckey,Frankfurt,Laptop,Zubehör,4,122.6,Barzahlung,2,Nein
854,2025-11-27,Brenden Warrier,Hamburg,Webcam,Electronics,1,873.69,Barzahlung,1,Nein
855,2025-08-29,Kory Vockings,Hamburg,Laptop,Zubehör,9,982.31,PayPal,2,Ja
856,2025-11-19,Kean Pavese,München,Maus,Electronics,2,213.11,Banküberweisung,4,Nein
857,2026-03-16,Reta Castaignet,Hamburg,Laptop,Electronics,2,1027.79,Barzahlung,1,Nein
858,2026-02-09,Alaster Goulstone,Stuttgart,Monitor,Electronics,1,652.2,PayPal,1,Ja
859,2025-12-07,Alissa Stroder,Stuttgart,Maus,Electronics,5,634.49,Banküberweisung,4,Nein
860,2025-04-05,Kermit Teideman,Köln,Tastatur,Electronics,2,475.77,PayPal,3,Nein
861,2025-06-02,Locke Frenchum,Köln,Webcam,Electronics,5,1060.37,PayPal,4,Ja
862,2026-04-25,Ede Lethley,Leipzig,Maus,Zubehör,7,995.43,Banküberweisung,3,Nein
863,2025-01-26,Lynne Moulsdall,Frankfurt,Tastatur,Electronics,4,387.81,Banküberweisung,3,Nein
864,2025-09-12,Ezequiel Collumbell,Frankfurt,Monitor,Zubehör,4,791.39,PayPal,5,Nein
865,2025-11-22,Kevon Traves,Frankfurt,Tastatur,Zubehör,4,320.86,PayPal,3,Ja
866,2025-04-09,Eziechiele Cuttle,Berlin,Kopfhörer,Electronics,7,848.67,Barzahlung,5,Nein
867,2026-05-13,Erl Gillham,Hamburg,Maus,Zubehör,3,312.28,Barzahlung,2,Ja
868,2026-05-24,Dunn Baldree,Köln,Smartphone,Zubehör,2,34.51,Barzahlung,1,Nein
869,2026-04-03,Sigfrid Pickerill,Leipzig,Smartphone,Electronics,4,635.25,Barzahlung,4,Nein
870,2025-09-12,Erv Ringrose,Leipzig,Kopfhörer,Zubehör,1,446.6,PayPal,3,Nein
871,2025-01-02,Ernesta Antonovic,Frankfurt,USB-Hub,Zubehör,3,842.9,Barzahlung,4,Nein
872,2026-05-05,Blondelle Clack,Leipzig,Maus,Zubehör,5,104.83,Kreditkarte,3,Nein
873,2025-03-25,Murdoch Filov,Frankfurt,Monitor,Zubehör,2,83.07,PayPal,4,Nein
874,2026-01-15,Zeke Goundry,Hamburg,Laptop,Electronics,4,570.45,Kreditkarte,2,Ja
875,2026-04-06,Nikolaos Lavarack,Stuttgart,Maus,Electronics,9,114.71,Barzahlung,2,Nein
876,2025-01-15,Harlin Robelet,Düsseldorf,Smartphone,Electronics,8,1012.83,PayPal,5,Nein
877,2025-06-22,Charlena Chancellor,München,Tastatur,Electronics,8,585.97,Banküberweisung,1,Nein
878,2025-08-30,Adriena Suller,Hamburg,Webcam,Electronics,2,452.17,PayPal,5,Ja
879,2025-03-07,Joy Witten,Stuttgart,Webcam,Electronics,8,322.26,Barzahlung,2,Nein
880,2025-03-29,Angelle Attoc,Düsseldorf,Kopfhörer,Zubehör,4,544.9,Kreditkarte,3,Nein
881,2025-02-10,Julee Shannahan,Frankfurt,Monitor,Zubehör,2,309.72,Banküberweisung,2,Nein
882,2025-07-25,Kara McGarahan,Köln,Tastatur,Electronics,6,185.8,Barzahlung,5,Nein
883,2026-01-20,Inez Snodin,München,Laptop,Zubehör,3,47.25,Kreditkarte,3,Nein
884,2025-11-16,Sandie Celler,Leipzig,Kopfhörer,Electronics,8,808.45,Kreditkarte,1,Nein
885,2025-02-08,Willis Burns,Frankfurt,Maus,Electronics,10,907.67,Banküberweisung,2,Ja
886,2025-06-22,Clarette Newbery,Düsseldorf,Smartphone,Electronics,6,130.0,Kreditkarte,4,Ja
887,2025-12-18,Yetty Vanyarkin,Düsseldorf,Tastatur,Electronics,10,444.14,Barzahlung,1,Nein
888,2025-02-03,Carson Cursey,Stuttgart,Maus,Electronics,7,326.47,Banküberweisung,3,Nein
889,2026-03-04,Burton Kunkler,Köln,Webcam,Electronics,3,634.78,Kreditkarte,4,Nein
890,2025-11-09,Gaylord Bridgland,Düsseldorf,Laptop,Electronics,7,158.98,Banküberweisung,1,Nein
891,2025-08-24,Barbey Ricardou,Frankfurt,USB-Hub,Electronics,10,382.24,PayPal,2,Nein
892,2026-05-02,Svend Hembery,München,Monitor,Zubehör,2,848.66,Banküberweisung,5,Ja
893,2025-02-13,Vally Diehn,Berlin,Maus,Electronics,7,1184.22,Barzahlung,4,Nein
894,2026-01-15,Blithe Borne,Düsseldorf,Kopfhörer,Zubehör,5,784.65,Barzahlung,4,Ja
895,2025-04-19,Maria Attrill,München,USB-Hub,Electronics,10,757.22,PayPal,2,Nein
896,2025-07-31,Alene Belfitt,Hamburg,USB-Hub,Electronics,2,370.61,Kreditkarte,2,Nein
897,2025-10-29,William Shivell,München,Laptop,Zubehör,7,844.45,Kreditkarte,2,Ja
898,2026-03-01,Tuck Cowoppe,Frankfurt,Maus,Zubehör,1,906.17,Kreditkarte,1,Nein
899,2026-03-02,Hetty Hooban,Stuttgart,Maus,Electronics,10,950.32,Kreditkarte,1,Nein
900,2026-04-07,Kevan Barlace,Berlin,Kopfhörer,Zubehör,2,332.18,Banküberweisung,3,Ja
901,2026-02-08,Roselle Meaders,Leipzig,Maus,Zubehör,6,858.51,Kreditkarte,2,Nein
902,2026-02-08,Bradley Allinson,Hamburg,Kopfhörer,Zubehör,9,902.06,Banküberweisung,4,Nein
903,2025-08-28,Christiana Manning,Berlin,Kopfhörer,Electronics,1,218.4,Barzahlung,5,Nein
904,2026-04-07,Estele Belden,Düsseldorf,Webcam,Electronics,7,1101.11,Kreditkarte,1,Nein
905,2026-02-10,Sarette Stirrup,Köln,Webcam,Zubehör,2,702.13,PayPal,2,Nein
906,2026-02-06,Bailie Sollam,Leipzig,Kopfhörer,Zubehör,6,1070.37,PayPal,5,Nein
907,2025-05-09,Oates Wallas,Düsseldorf,Tastatur,Zubehör,7,33.55,Banküberweisung,4,Nein
908,2025-10-03,Fiann Baudinet,München,Monitor,Zubehör,1,1005.54,Banküberweisung,4,Ja
909,2025-11-22,Vite Eton,Hamburg,Maus,Electronics,10,1029.25,PayPal,5,Nein
910,2025-07-14,Carry Maffey,Leipzig,Smartphone,Electronics,3,485.09,PayPal,2,Nein
911,2026-05-14,Dolph Edmondson,Hamburg,Smartphone,Electronics,9,953.82,Banküberweisung,3,Nein
912,2025-01-22,Sephira Bowler,Köln,Maus,Electronics,5,466.38,Banküberweisung,3,Nein
913,2025-05-11,Vivianna Norwich,Düsseldorf,Webcam,Electronics,5,928.66,Barzahlung,4,Nein
914,2025-07-05,Michele Huffadine,München,Webcam,Zubehör,9,972.38,Barzahlung,3,Nein
915,2025-05-05,Valma Horbath,Leipzig,Monitor,Zubehör,7,1074.96,PayPal,3,Ja
916,2025-04-02,Neill Fronks,Frankfurt,USB-Hub,Zubehör,2,799.69,PayPal,1,Nein
917,2025-05-01,Robinette Shawl,Leipzig,Webcam,Zubehör,1,200.57,Kreditkarte,4,Ja
918,2025-02-21,Dyna Falconer,Stuttgart,USB-Hub,Zubehör,8,672.83,Kreditkarte,3,Nein
919,2025-06-04,Ortensia Shoppee,Leipzig,Webcam,Zubehör,4,1136.34,Banküberweisung,4,Nein
920,2025-10-31,Arnie Surgener,Berlin,USB-Hub,Electronics,10,165.65,PayPal,1,Nein
921,2026-01-15,Mead Twiddy,München,Tastatur,Electronics,3,869.8,PayPal,2,Nein
922,2026-03-29,Major Andor,Stuttgart,Monitor,Electronics,8,461.31,Kreditkarte,3,Nein
923,2025-03-18,Tonia Bentham3,Düsseldorf,Laptop,Electronics,9,129.92,PayPal,3,Nein
924,2025-01-04,Drucill Giabuzzi,Leipzig,Webcam,Zubehör,3,166.72,PayPal,1,Ja
925,2025-04-16,Stafford Jacqueminet,Stuttgart,USB-Hub,Electronics,6,462.68,PayPal,1,Nein
926,2025-01-10,Adler Loddy,Frankfurt,Laptop,Electronics,7,104.8,Kreditkarte,5,Ja
927,2025-09-28,Lionel Torfin,Frankfurt,USB-Hub,Electronics,1,802.32,PayPal,2,Ja
928,2025-04-01,Diandra Cleve,Köln,Tastatur,Zubehör,6,1108.64,Kreditkarte,5,Nein
929,2026-01-10,Claudia Errichiello,München,USB-Hub,Electronics,2,58.19,PayPal,4,Nein
930,2025-10-09,Davin Simmans,Stuttgart,Smartphone,Electronics,1,248.0,Barzahlung,2,Nein
931,2025-09-17,Claudina Loveridge,Stuttgart,Maus,Zubehör,8,183.07,Barzahlung,3,Nein
932,2026-03-30,Steffen McCaster,Düsseldorf,Smartphone,Zubehör,3,840.44,Kreditkarte,4,Ja
933,2025-05-22,Cammy Schanke,Köln,Monitor,Electronics,7,569.15,PayPal,4,Nein
934,2025-04-21,Yuri Bertram,Frankfurt,Maus,Electronics,5,729.15,Kreditkarte,1,Nein
935,2026-04-15,Wood Binnell,Berlin,Laptop,Electronics,1,270.3,Kreditkarte,5,Nein
936,2026-05-27,Thalia Mogra,Berlin,Kopfhörer,Zubehör,7,1017.02,Banküberweisung,1,Ja
937,2025-02-12,Bearnard Fassman,München,Webcam,Zubehör,6,440.17,PayPal,1,Nein
938,2025-07-30,Lannie Sarfas,Düsseldorf,Smartphone,Electronics,9,1197.02,Barzahlung,4,Nein
939,2025-05-21,Ulrick Koles,Hamburg,Monitor,Electronics,10,494.18,Banküberweisung,4,Nein
940,2025-03-02,Timoteo Greatbank,München,Tastatur,Electronics,6,413.94,Kreditkarte,2,Nein
941,2025-04-22,Wilie Reece,Berlin,Maus,Zubehör,2,143.45,Banküberweisung,3,Nein
942,2026-03-23,Sibylla Cotsford,Stuttgart,Tastatur,Electronics,1,1042.38,Banküberweisung,1,Nein
943,2025-05-20,Ariel Waring,Stuttgart,Smartphone,Zubehör,2,644.48,PayPal,5,Nein
944,2026-05-05,Lula Jouhan,Frankfurt,Monitor,Electronics,2,385.54,Kreditkarte,2,Nein
945,2025-08-04,Evyn Sieghart,Leipzig,Tastatur,Electronics,2,413.98,Kreditkarte,1,Nein
946,2025-12-31,Nanete Harbage,Köln,Monitor,Zubehör,10,986.37,Kreditkarte,1,Nein
947,2025-07-14,Brina MacGiolla Pheadair,Hamburg,Smartphone,Zubehör,5,924.57,PayPal,5,Nein
948,2025-03-13,Benjamin Biever,Hamburg,Smartphone,Electronics,1,1096.56,Banküberweisung,3,Nein
949,2026-05-15,Adrienne Kobel,Stuttgart,Webcam,Zubehör,1,255.14,Kreditkarte,4,Nein
950,2025-03-05,Georgia Andre,Hamburg,Maus,Zubehör,6,363.14,PayPal,5,Nein
951,2025-04-07,Lorrayne Haresign,Hamburg,Kopfhörer,Electronics,2,644.43,Kreditkarte,2,Nein
952,2025-10-23,Winslow Skule,Stuttgart,Webcam,Electronics,4,1148.51,PayPal,1,Ja
953,2025-10-05,Mona Highnam,Köln,Maus,Electronics,3,125.5,Kreditkarte,5,Nein
954,2025-02-25,Verna Hindmoor,Hamburg,USB-Hub,Zubehör,8,979.32,Kreditkarte,2,Nein
955,2025-06-02,Farah Sylvaine,Leipzig,Smartphone,Electronics,8,751.27,Kreditkarte,3,Nein
956,2025-11-01,Cordie Bocking,Hamburg,Kopfhörer,Zubehör,10,358.23,PayPal,2,Nein
957,2025-07-16,Bendick Nolder,Düsseldorf,Maus,Electronics,7,621.73,Barzahlung,3,Ja
958,2026-03-12,Morena Sumbler,Leipzig,Laptop,Zubehör,8,1117.91,Barzahlung,5,Ja
959,2025-01-27,Albie Haysom,München,Webcam,Zubehör,7,789.17,Banküberweisung,1,Nein
960,2026-03-13,Edik Rotchell,Frankfurt,Webcam,Zubehör,8,931.57,PayPal,5,Nein
961,2025-11-06,Bambie Pepall,München,Monitor,Zubehör,9,87.9,Kreditkarte,5,Nein
962,2025-06-13,Paulette Meran,Leipzig,Tastatur,Zubehör,1,570.69,Kreditkarte,1,Nein
963,2026-04-21,Karim McCrone,Hamburg,Laptop,Electronics,4,1084.26,Banküberweisung,3,Nein
964,2026-01-06,Andree Trunks,Berlin,Laptop,Zubehör,5,97.13,Banküberweisung,1,Nein
965,2025-03-16,Arluene Trevers,Frankfurt,Monitor,Electronics,9,1075.38,Kreditkarte,4,Nein
966,2025-08-30,Cindie Mockler,Stuttgart,Maus,Electronics,4,617.93,Barzahlung,4,Ja
967,2026-05-20,Livia Conklin,Köln,Webcam,Electronics,7,1065.39,Barzahlung,3,Nein
968,2025-07-22,Jeanine McCloch,Düsseldorf,Maus,Zubehör,5,744.29,Kreditkarte,4,Nein
969,2025-01-15,Yuri Geydon,Stuttgart,Tastatur,Zubehör,8,416.08,Banküberweisung,3,Ja
970,2025-12-25,Sharron Kenninghan,Berlin,Smartphone,Zubehör,10,180.19,Kreditkarte,2,Nein
971,2026-01-06,Stefanie Harnett,Düsseldorf,Maus,Electronics,5,595.91,Barzahlung,5,Nein
972,2026-05-22,Maddy Adshad,Frankfurt,USB-Hub,Electronics,5,612.62,Barzahlung,3,Ja
973,2026-01-14,Alessandra Daspar,Stuttgart,Smartphone,Electronics,7,362.28,PayPal,2,Ja
974,2025-12-05,Hanson Gertray,Köln,Smartphone,Zubehör,8,469.77,Banküberweisung,1,Nein
975,2025-07-31,Derby De la Yglesia,Leipzig,Kopfhörer,Electronics,3,452.43,Banküberweisung,3,Nein
976,2025-12-04,Jud Sinton,Berlin,Smartphone,Electronics,6,583.87,PayPal,5,Nein
977,2025-05-24,Maitilde Briggs,Stuttgart,Tastatur,Electronics,2,923.01,Banküberweisung,1,Nein
978,2025-02-15,Elias Colecrough,Stuttgart,Maus,Zubehör,4,451.09,Banküberweisung,5,Nein
979,2025-09-26,Eachelle Laurand,Düsseldorf,Tastatur,Zubehör,6,338.08,Banküberweisung,1,Nein
980,2026-04-30,Gallagher Jearum,Köln,Maus,Electronics,5,1032.77,Kreditkarte,3,Nein
981,2025-11-18,Van Telezhkin,Düsseldorf,USB-Hub,Electronics,6,1113.35,Barzahlung,4,Nein
982,2025-01-09,Cale Forde,München,USB-Hub,Electronics,7,240.86,Kreditkarte,1,Nein
983,2025-09-09,Thorsten Dahlback,Leipzig,Kopfhörer,Electronics,10,715.01,Kreditkarte,5,Nein
984,2025-08-25,Ezechiel Gallihawk,Düsseldorf,Maus,Zubehör,10,1077.19,PayPal,1,Ja
985,2025-10-26,Nancy Phippin,München,USB-Hub,Electronics,8,407.56,Barzahlung,1,Nein
986,2025-06-19,Hersch Novic,München,Laptop,Electronics,5,88.95,Banküberweisung,2,Ja
987,2025-03-20,Tierney Schohier,Hamburg,USB-Hub,Zubehör,6,916.66,PayPal,1,Nein
988,2026-01-07,Liane Grinvalds,Köln,Maus,Electronics,3,16.18,PayPal,4,Nein
989,2026-04-30,Anissa Tuppeny,Frankfurt,Laptop,Zubehör,4,424.72,Banküberweisung,3,Nein
990,2026-03-06,Teressa Blaisdale,Berlin,USB-Hub,Electronics,10,738.67,PayPal,3,Nein
991,2026-05-26,Harrietta Dickerline,Düsseldorf,Laptop,Zubehör,2,725.04,Kreditkarte,1,Nein
992,2026-01-12,Benoit Waterland,Leipzig,Monitor,Electronics,6,437.59,PayPal,3,Nein
993,2026-03-31,Ethelda Doohan,Hamburg,Webcam,Electronics,7,613.15,Barzahlung,3,Nein
994,2025-06-18,Thoma Gowing,Leipzig,Webcam,Electronics,1,718.36,Kreditkarte,5,Nein
995,2025-08-22,Ermina di Rocca,Leipzig,Tastatur,Electronics,8,641.29,Kreditkarte,3,Nein
996,2026-01-08,Roby Sustins,Hamburg,Laptop,Electronics,5,182.4,Banküberweisung,2,Ja
997,2025-10-27,Micheline Van Bruggen,Frankfurt,Maus,Zubehör,6,244.64,Kreditkarte,1,Ja
998,2026-01-14,Harriott Kerins,Düsseldorf,Tastatur,Zubehör,10,102.25,PayPal,5,Nein
999,2025-11-09,Nettie Teligin,München,Kopfhörer,Zubehör,9,1129.29,Banküberweisung,3,Nein
1000,2026-05-01,Daniela Lampaert,München,Kopfhörer,Zubehör,6,233.79,PayPal,2,Nein
