transaction_id,timestamp,customer_name,city,product,category,quantity,unit_price_eur,payment_method,satisfaction_score,returned
1,2025-09-29 22:02:27,Clara Neild,Frankfurt,USB-Hub,Electronics,8,153.26,Kreditkarte,2,Nein
2,2026-05-12 19:01:09,Quinton Locke,Stuttgart,Monitor,Electronics,1,474.6,Kreditkarte,1,Nein
3,2026-01-15 8:35:03,Damon Thumnel,Düsseldorf,Tastatur,Zubehör,3,19.9,PayPal,1,Nein
4,2025-10-24 17:35:19,Perry Hourican,Stuttgart,Tastatur,Zubehör,0,562.12,Kreditkarte,1,Nein
5,2025-08-21 16:39:35,Donia Hurdman,Leipzig,USB-Hub,Zubehör,6,410.85,PayPal,5,Ja
6,2026-04-16 15:18:38,Eydie Jostan,Hamburg,Maus,Electronics,2,755.67,PayPal,2,Nein
7,2025-12-10 8:36:23,Ransell Gaitley,Stuttgart,Smartphone,Electronics,7,904.82,Kreditkarte,4,Nein
8,2025-06-05 7:29:59,Shandie Makey,Hamburg,Monitor,Electronics,8,255.88,Kreditkarte,1,Nein
9,2025-10-11 10:17:09,Brodie Macconachy,Berlin,Kopfhörer,Zubehör,10,279.15,Banküberweisung,4,Ja
10,2025-06-09 6:42:50,Saundra Ransfield,München,Tastatur,Electronics,5,1046.45,PayPal,,Nein
11,2026-04-28 16:46:33,Sonia Hubatsch,Berlin,USB-Hub,Electronics,2,151.94,PayPal,4,Nein
12,2026-01-19 0:06:05,Ingaborg Ponnsett,Köln,Smartphone,Electronics,5,816.47,Banküberweisung,5,Nein
13,2026-04-28 16:10:28,Fernando Aglione,Köln,Maus,Electronics,7,1042.76,Banküberweisung,4,Nein
14,2025-11-26 2:42:30,Emerson Ridett,Leipzig,Tastatur,Zubehör,5,848.05,PayPal,3,Nein
15,2025-07-25 21:54:58,Ram Frankis,Stuttgart,Webcam,Electronics,2,1118.31,Barzahlung,3,Nein
16,2026-05-23 19:10:52,Jeannie Miebes,Berlin,Monitor,Zubehör,10,205.04,Kreditkarte,5,Nein
17,2025-09-06 21:43:05,Murry Stollberger,Leipzig,Maus,Electronics,10,570.15,PayPal,5,Nein
18,2026-05-05 10:59:06,Faythe MacKenny,Stuttgart,Laptop,Zubehör,4,351.51,Barzahlung,5,Ja
19,2026-03-10 7:24:41,Charin Kemmis,Stuttgart,Laptop,Zubehör,10,223.7,Barzahlung,5,Nein
20,2025-06-15 22:23:44,Dido Sharper,Stuttgart,Smartphone,Zubehör,8,631.81,Barzahlung,1,Nein
21,2026-03-09 16:45:03,Elvis Landrick,München,Kopfhörer,Electronics,5,743.78,Kreditkarte,3,Nein
22,2026-03-23 3:57:00,Sukey Luberti,Leipzig,Kopfhörer,Zubehör,-1,739.27,PayPal,2,Nein
23,2025-12-11 22:17:34,Kaleena Pleavin,München,Smartphone,Zubehör,6,928.32,PayPal,2,Nein
24,2026-04-19 13:02:48,Selia Liddell,München,Webcam,Zubehör,1,605.81,PayPal,1,Nein
25,2026-05-24 3:37:47,Bellina La Wille,Köln,USB-Hub,Zubehör,2,1135.73,Kreditkarte,4,Ja
26,2026-05-19 0:06:51,Ailina Deegan,Leipzig,Webcam,Electronics,4,420.37,Banküberweisung,5,Nein
27,2026-02-17 18:26:39,Lancelot Birrane,Düsseldorf,Maus,Electronics,8,265.32,PayPal,3,Ja
28,2025-08-27 13:46:02,Mavra Innocenti,Berlin,Kopfhörer,Electronics,5,475.16,Kreditkarte,5,Nein
29,2025-11-20 19:55:18,Otho Ramsby,Köln,Kopfhörer,Zubehör,4,1008.74,PayPal,2,Ja
30,2025-06-26 9:04:35,Anissa Paulack,Stuttgart,USB-Hub,Zubehör,7,1007.5,PayPal,5,Nein
31,2025-12-19 16:29:33,Emilio Hedgecock,Köln,Laptop,Electronics,4,526.16,Banküberweisung,4,Nein
32,2026-02-19 20:11:29,Natasha Longworth,Düsseldorf,Monitor,Zubehör,6,512.86,Barzahlung,4,Ja
33,2025-08-12 7:50:27,Prent Sleeman,Stuttgart,Kopfhörer,Zubehör,4,497.92,PayPal,2,Nein
34,2026-03-06 22:28:12,Nara Hargreaves,Berlin,Maus,Electronics,8,199.22,Banküberweisung,4,Nein
35,2025-08-01 9:01:32,Myrtice Guiel,Düsseldorf,Smartphone,Zubehör,5,364.62,Barzahlung,1,Nein
36,2025-09-24 18:12:13,Emerson Newns,Stuttgart,Tastatur,Zubehör,7,873.59,Kreditkarte,3,Nein
37,2025-08-21 4:00:57,Winne Cleft,Stuttgart,Monitor,Electronics,6,311.12,PayPal,5,Nein
38,2025-10-25 4:44:01,Carleen Worgan,Köln,Smartphone,Electronics,3,581.88,PayPal,4,Nein
39,2026-02-28 2:58:56,Silvana Scrivener,München,Webcam,Electronics,3,375.28,Banküberweisung,5,Nein
40,2025-08-28 8:55:46,Elly McCurlye,München,Maus,Electronics,2,121.12,Barzahlung,1,Nein
41,2025-10-22 14:10:59,Daisey Udden,Frankfurt,Kopfhörer,Electronics,6,394.46,Banküberweisung,3,Nein
42,2025-10-30 5:24:46,Eileen McAuslan,Berlin,Webcam,Zubehör,9,355.84,Banküberweisung,1,Nein
43,2026-03-24 7:48:40,Leonhard Robbins,Frankfurt,Tastatur,Zubehör,3,922.25,Kreditkarte,2,Nein
44,2026-04-02 9:05:44,Fredra Maccrae,München,USB-Hub,Electronics,1,252.84,Banküberweisung,2,Ja
45,2026-05-19 12:39:26,Robbie Veldens,Stuttgart,USB-Hub,Electronics,2,1175.81,Barzahlung,3,Nein
46,2025-08-27 16:18:09,Papagena Burbridge,Stuttgart,Smartphone,Zubehör,10,1123.87,PayPal,2,Ja
47,2026-05-13 8:08:00,Stephanus Denzilow,Hamburg,Smartphone,Electronics,5,403.88,PayPal,4,Nein
48,2025-06-10 22:14:29,Silvan Barbery,Stuttgart,Kopfhörer,Electronics,10,1033.58,Banküberweisung,3,Nein
49,2026-02-19 1:27:42,Chaddie Malimoe,Köln,Webcam,Electronics,1,839.84,Barzahlung,3,Nein
50,2026-05-01 13:23:12,Darla Abilowitz,Hamburg,Tastatur,Electronics,9,885.17,Barzahlung,5,Nein
51,2025-08-22 17:25:13,Charil Pratt,Leipzig,Webcam,Electronics,5,15.6,PayPal,4,Ja
52,2026-03-30 7:08:06,Yvette Trevett,Leipzig,USB-Hub,Electronics,4,612.47,Banküberweisung,2,Nein
53,2026-04-10 2:46:33,Huey Daddow,München,Maus,Zubehör,9,740.12,Kreditkarte,5,Nein
54,2025-06-11 22:59:03,Ardra Novik,Leipzig,Tastatur,Zubehör,10,1107.6,PayPal,5,Ja
55,2025-09-26 22:40:20,Mamie Baukham,Stuttgart,Maus,Electronics,4,814.79,Barzahlung,5,Nein
56,2026-02-25 23:52:10,Dallas Balmer,Leipzig,USB-Hub,Zubehör,5,819.16,Barzahlung,4,Nein
57,2026-04-27 2:20:56,Janet Saladine,Berlin,Maus,Electronics,8,215.04,PayPal,4,Nein
58,2026-05-04 23:10:14,Moyra Ockwell,Leipzig,Smartphone,Zubehör,1,681.74,Banküberweisung,4,Nein
59,2026-03-31 6:50:50,Kellsie Di Carlo,Frankfurt,Monitor,Electronics,5,856.33,Kreditkarte,5,Nein
60,2025-08-11 4:44:13,Bernarr Butchers,Köln,Laptop,Electronics,9,373.24,Banküberweisung,2,Ja
61,2025-10-04 17:08:22,Arlina Hexam,Düsseldorf,Tastatur,Zubehör,4,1094.04,Kreditkarte,1,Ja
62,2026-04-25 18:16:32,Aldrich Gilligan,Frankfurt,Laptop,Zubehör,5,935.64,Banküberweisung,1,Nein
63,2026-01-05 7:52:26,Lodovico Mordie,Frankfurt,Smartphone,Zubehör,5,841.3,Kreditkarte,1,Nein
64,2025-08-05 13:55:47,Amelita Gyurko,München,Laptop,Electronics,1,1191.47,Barzahlung,4,Nein
65,2026-05-09 1:31:15,Farrah Neeson,Leipzig,Tastatur,Electronics,3,541.08,Barzahlung,4,Ja
66,2025-11-10 18:18:31,Ellis Bartoloma,Frankfurt,Smartphone,Electronics,8,482.78,Banküberweisung,2,Nein
67,2025-09-12 5:17:12,Aldous Chiommienti,Leipzig,Kopfhörer,Zubehör,6,718.82,PayPal,4,Nein
68,2025-09-23 22:23:44,Beverly Symonds,Köln,Webcam,Electronics,3,960.11,Kreditkarte,4,Nein
69,2026-02-13 13:57:47,Druci Urry,Leipzig,Tastatur,Zubehör,4,254.62,PayPal,1,Nein
70,2025-08-11 21:37:51,Uriel Leonida,Leipzig,Kopfhörer,Electronics,5,146.01,Kreditkarte,,Ja
71,2025-07-01 13:12:36,Charil Haistwell,Leipzig,Monitor,Zubehör,6,194.19,Barzahlung,5,Nein
72,2025-07-03 13:11:28,Ali Blackey,Köln,Maus,Zubehör,4,125.77,PayPal,3,Nein
73,2026-05-19 2:28:57,Colan Kitlee,Düsseldorf,Kopfhörer,Zubehör,5,564.07,PayPal,1,Nein
74,2025-10-21 12:31:12,Brandea Forsey,Leipzig,Monitor,Zubehör,6,797.19,Barzahlung,4,Nein
75,2026-02-02 21:31:50,Kirsteni Samart,Frankfurt,Tastatur,Zubehör,9,108.46,Banküberweisung,4,Ja
76,2025-06-26 16:46:53,Cristen Kingett,Düsseldorf,Monitor,Electronics,7,775.81,PayPal,1,Nein
77,2026-03-15 10:41:13,Bertina Streeton,München,Kopfhörer,Electronics,1,392.39,Barzahlung,3,Nein
78,2025-06-21 19:17:15,Devlen Reef,Berlin,USB-Hub,Zubehör,1,520.99,PayPal,1,Nein
79,2025-06-26 6:06:54,Hayden Staig,Stuttgart,Monitor,Electronics,10,767.67,Barzahlung,1,Ja
80,2025-07-11 0:59:07,Vina MacMenamie,berlin,Monitor,Zubehör,2,241.08,Kreditkarte,2,Nein
81,2025-11-15 1:10:36,Vevay Cockren,Frankfurt,Maus,Zubehör,5,66.95,Kreditkarte,5,Nein
82,2026-01-15 22:14:58,Johan Plunkett,Hamburg,Webcam,Electronics,5,782.28,Banküberweisung,5,Nein
83,2026-03-14 6:50:09,Eran Shillam,Leipzig,Monitor,Electronics,10,133.36,PayPal,2,Nein
84,2025-08-27 3:36:18,Rozella Charley,Leipzig,Maus,Electronics,3,807.26,PayPal,3,Nein
85,2025-09-12 0:47:36,Netti Caulfield,Hamburg,Kopfhörer,Zubehör,6,408.52,Banküberweisung,5,Ja
86,2026-02-04 1:56:01,Heriberto Boich,Berlin,Monitor,Electronics,7,995.26,Kreditkarte,5,Nein
87,2026-03-22 18:20:06,Deeann Killner,Stuttgart,Tastatur,Zubehör,10,163.77,Barzahlung,1,Nein
88,2025-11-02 5:54:08,Matilde Dowles,Berlin,Kopfhörer,Zubehör,0,514.51,Kreditkarte,,Nein
89,2025-11-05 3:21:13,Brianne Kernar,Köln,Maus,Zubehör,4,421.11,Barzahlung,2,Nein
90,2026-01-08 10:22:30,Tadeas Bakhrushin,Stuttgart,Webcam,Electronics,9,1091.23,Kreditkarte,4,Ja
91,2025-08-31 11:02:22,Durand Braunes,München,Webcam,Zubehör,3,498.27,Barzahlung,4,Nein
92,2025-08-18 14:19:50,Alameda Head,Hamburg,Kopfhörer,Electronics,3,360.9,Banküberweisung,5,Nein
93,2025-09-24 8:34:16,Griselda Dami,berlin,Laptop,Zubehör,8,844.2,Kreditkarte,5,Nein
94,2026-06-03 22:38:04,Kellie Tedstone,Köln,Monitor,Electronics,7,456.32,PayPal,5,Nein
95,2025-10-06 5:27:33,Christina Langdon,Stuttgart,Tastatur,Electronics,1,726.66,Kreditkarte,4,Nein
96,2025-07-31 1:39:29,Winnah Crosseland,Stuttgart,Maus,Electronics,2,476.74,PayPal,2,Nein
97,2025-12-20 9:53:29,Julio Tewelson,Frankfurt,Monitor,Electronics,8,1171.09,Barzahlung,4,Nein
98,2025-11-24 21:48:02,Northrop Reisenberg,Köln,USB-Hub,Zubehör,2,983.08,Kreditkarte,4,Nein
99,2025-12-26 15:31:26,Meggie Evitts,Leipzig,USB-Hub,Electronics,4,461.86,PayPal,4,Nein
100,2026-04-18 8:36:32,Chelsey Harrigan,Frankfurt,Kopfhörer,Zubehör,6,913.58,Banküberweisung,1,Nein
101,2025-11-29 13:34:11,Teodoor Duffree,Düsseldorf,Webcam,Electronics,3,1043.83,Barzahlung,1,Nein
102,2025-06-09 11:14:49,Tracie Enrich,berlin,Monitor,Zubehör,4,508.9,PayPal,5,Nein
103,2026-05-25 6:13:07,Frazer Wilber,Stuttgart,Kopfhörer,Electronics,7,1118.07,Kreditkarte,4,Nein
104,2025-07-18 5:00:31,Bamby Fleming,München,Monitor,Electronics,1,843,Barzahlung,5,Nein
105,2026-01-18 23:34:32,Arabel Yard,Leipzig,Tastatur,Zubehör,9,1172.37,Banküberweisung,4,Nein
106,2026-03-25 23:29:06,Estel Grigori,München,Maus,Electronics,1,809.36,Banküberweisung,4,Nein
107,2025-11-17 8:19:32,Fernandina Worling,Berlin,USB-Hub,Electronics,7,837.5,Kreditkarte,4,Nein
108,2025-11-15 2:07:17,Archambault Bagnall,Frankfurt,Tastatur,Electronics,10,1083.09,Kreditkarte,5,Ja
109,2025-11-26 1:33:05,Katharine Franiak,Hamburg,Laptop,Electronics,1,382.15,Barzahlung,5,Ja
110,2026-05-23 15:15:59,Taylor Booty,Berlin,Monitor,Electronics,8,990.25,Barzahlung,2,Nein
111,2025-09-24 18:19:00,Inglis Delahunty,Leipzig,USB-Hub,Zubehör,5,965,Banküberweisung,3,Ja
112,2026-05-15 16:26:49,Blanche Riccardelli,München,USB-Hub,Electronics,5,1175.77,Barzahlung,4,Nein
113,2026-01-17 23:22:49,Hamlin Hazart,Frankfurt,Maus,Electronics,4,848.49,Banküberweisung,3,Ja
114,2025-11-23 21:56:18,Julia Mityukov,Stuttgart,USB-Hub,Electronics,8,878.31,Banküberweisung,1,Nein
115,2025-07-16 4:03:16,Wolfy Muge,Berlin,Maus,Zubehör,8,815.24,Banküberweisung,4,Nein
116,2025-12-07 19:27:04,Cathrine MacShane,Leipzig,USB-Hub,Zubehör,1,551.72,Banküberweisung,5,Nein
117,2025-09-17 13:58:54,Gothart Hugueville,Hamburg,Smartphone,Zubehör,1,802.5,Barzahlung,3,Nein
118,2026-02-16 5:55:55,Ajay Martel,Stuttgart,Tastatur,Zubehör,2,519.16,Kreditkarte,3,Nein
119,2025-06-24 23:28:56,Ayn Saddington,Hamburg,USB-Hub,Zubehör,10,319.73,PayPal,5,Nein
120,2025-08-30 13:39:36,Peterus Thrush,Leipzig,Webcam,Zubehör,6,213.79,Banküberweisung,4,Nein
121,2025-07-05 7:16:32,Corie Field,Köln,Kopfhörer,Electronics,7,66.35,Kreditkarte,2,Nein
122,2026-04-19 9:02:13,Lin Chantillon,München,Maus,Electronics,5,384.11,Kreditkarte,2,Nein
123,2025-10-11 4:47:58,Susann Squeers,München,Smartphone,Electronics,9,138.32,PayPal,1,Nein
124,2026-03-03 5:25:12,Barbie Lebourn,Berlin,Tastatur,Zubehör,4,154.1,Barzahlung,2,Ja
125,2025-06-13 17:28:05,Baillie Clynter,Düsseldorf,Laptop,Zubehör,9,580.59,Kreditkarte,1,Nein
126,2026-03-02 4:52:41,Rhodie Defrain,Köln,Maus,Electronics,6,874.14,PayPal,5,Nein
127,2025-10-27 12:06:51,Barrie Baudi,Leipzig,Monitor,Zubehör,7,1009.18,Banküberweisung,5,Nein
128,2026-04-12 1:45:06,Lark Harflete,Hamburg,Laptop,Zubehör,8,877.53,Kreditkarte,3,Nein
129,2025-06-16 3:43:51,Nevil Questier,Hamburg,Smartphone,Zubehör,8,1129.17,Kreditkarte,1,Nein
130,2026-03-02 17:07:02,Mead Arrigucci,München,Kopfhörer,Electronics,1,1161.72,PayPal,2,Nein
131,2025-12-27 8:46:12,Harriett Ridings,Hamburg,Monitor,Zubehör,6,379.92,Banküberweisung,5,Nein
132,2025-08-07 20:45:12,Eben Parrot,Leipzig,Maus,Zubehör,2,256.5,Kreditkarte,1,Ja
133,2025-09-18 14:55:14,Samantha Cumberland,Frankfurt,Smartphone,Zubehör,4,961.37,Barzahlung,1,Nein
134,2025-09-19 0:37:43,Jo ann Molineaux,München,Maus,Electronics,6,410.2,Barzahlung,5,Ja
135,2026-02-15 4:36:38,Graham Baistow,Hamburg,Maus,Electronics,1,772.43,Banküberweisung,5,Ja
136,2025-06-15 8:13:01,Rubie Lancashire,Stuttgart,Laptop,Zubehör,6,971.5,Kreditkarte,4,Nein
137,2026-05-08 3:04:32,Hannis Tanman,Leipzig,Monitor,Zubehör,7,1034.72,PayPal,3,Nein
138,2025-08-07 17:12:56,Leandra Walwood,MÜNCHEN,Webcam,Zubehör,1,789.57,Barzahlung,2,Nein
139,2026-02-22 9:50:49,Chevy Bolle,Frankfurt,USB-Hub,Zubehör,9,150.72,Kreditkarte,2,Nein
140,2025-08-09 6:22:57,Dorolisa Garfoot,Berlin,Maus,Electronics,6,442.03,PayPal,5,Nein
141,2026-02-20 14:00:32,Vin MacGhee,Berlin,Smartphone,Electronics,6,1173.19,Banküberweisung,4,Nein
142,2025-08-18 11:36:00,Kristian Peret,Düsseldorf,Tastatur,Zubehör,3,626.6,Kreditkarte,2,Ja
143,2026-02-06 2:43:59,Carl Dowdle,Köln,USB-Hub,Zubehör,4,741.48,Banküberweisung,5,Nein
144,2025-06-22 15:12:26,Gil Tythe,München,Laptop,Zubehör,5,198.81,PayPal,2,Nein
145,2026-04-22 23:30:38,Lesley Symons,München,Tastatur,Electronics,1,221.02,Kreditkarte,1,Nein
146,2025-12-12 21:02:25,Annamaria Gulleford,Leipzig,Laptop,Zubehör,5,467.15,Barzahlung,3,Nein
147,2026-01-07 11:38:31,Dulcea Dutchburn,Köln,Laptop,Electronics,7,937.89,Barzahlung,2,Ja
148,2025-07-06 10:20:01,Tris Milby,Hamburg,Laptop,Zubehör,3,995.6,Barzahlung,1,Nein
149,2026-05-02 22:16:13,Ulrike Tripett,Hamburg,Webcam,Zubehör,6,818.5,Barzahlung,3,Nein
150,2025-08-25 1:11:05,Franciskus Horsell,Stuttgart,Laptop,Electronics,9,515.52,Barzahlung,3,Nein
151,2026-04-25 10:28:36,Clarine Pughe,Frankfurt,Monitor,Electronics,5,373.48,Banküberweisung,3,Nein
152,2025-12-28 8:26:21,Oralla Wythe,München,Kopfhörer,Electronics,8,204.35,Barzahlung,1,Nein
153,2025-12-03 1:41:07,Kathlin Prettejohns,Stuttgart,Tastatur,Electronics,2,1092.67,PayPal,3,Nein
154,2026-01-21 9:27:34,Adrianne Cottam,Hamburg,Tastatur,Electronics,6,1136.53,PayPal,3,Nein
155,2026-04-24 4:12:34,Derk Brazer,Frankfurt,Tastatur,Electronics,5,736.43,Banküberweisung,5,Nein
156,2026-03-28 23:10:03,Dynah Itzkov,Frankfurt,Tastatur,Electronics,8,43.21,PayPal,1,Nein
157,2026-01-21 22:28:29,Cale Penticoot,Leipzig,Webcam,Zubehör,7,824.05,Kreditkarte,2,Nein
158,2025-07-24 19:34:50,Celestyna Pattrick,München,Maus,Zubehör,1,702.93,PayPal,4,Ja
159,2025-07-21 0:35:11,Lucky Treker,Düsseldorf,Laptop,Electronics,8,736.79,Kreditkarte,1,Nein
160,2025-11-16 2:52:48,Dalis Sandhill,Frankfurt,Tastatur,Zubehör,7,546.7,Kreditkarte,1,Nein
161,2025-08-28 2:15:26,Gretchen Allender,Düsseldorf,Kopfhörer,Zubehör,10,121.83,PayPal,3,Nein
162,2025-08-28 20:38:57,Thelma Quant,Frankfurt,Tastatur,Zubehör,6,292.87,Kreditkarte,,Nein
163,2026-05-23 9:21:31,Aggie Brookz,Frankfurt,Monitor,Electronics,6,1115.97,Barzahlung,5,Nein
164,2025-07-06 5:39:08,Pearce Fullman,Berlin,Kopfhörer,Electronics,5,260.59,PayPal,4,Nein
165,2025-06-08 11:38:21,Kerk Schmuhl,München,Kopfhörer,Electronics,9,201.27,Banküberweisung,5,Nein
166,2025-12-09 13:52:07,Nancy Brokenshaw,Stuttgart,Webcam,Electronics,7,750.52,PayPal,2,Nein
167,2025-09-19 15:18:40,Richart Halliburton,Stuttgart,Webcam,Zubehör,5,99.19,Banküberweisung,4,Nein
168,2025-09-29 23:27:02,Darby Perico,Düsseldorf,Webcam,Electronics,9,614.43,Barzahlung,5,Ja
169,2026-01-19 9:49:11,Damon Luney,Leipzig,Monitor,Electronics,9,779.49,Barzahlung,4,Nein
170,2026-04-20 19:52:08,Marj Doubleday,Frankfurt,Laptop,Zubehör,7,936.43,PayPal,4,Ja
171,2026-01-04 8:31:26,Dinah Gorst,Hamburg,Smartphone,Zubehör,10,402.25,Barzahlung,5,Nein
172,2025-07-03 15:27:35,Charmain Ybarra,Hamburg,Laptop,Electronics,7,40.51,Kreditkarte,5,Nein
173,2025-12-30 10:43:10,Witty Verecker,Hamburg,Maus,Electronics,1,1077.31,Kreditkarte,4,Nein
174,2025-09-26 21:34:11,Matti Chaman,Frankfurt,Maus,Electronics,7,94.89,Banküberweisung,1,Nein
175,2026-01-03 7:17:59,Maisey Prior,Leipzig,Laptop,Zubehör,10,178.39,Kreditkarte,5,Nein
176,2026-05-16 13:59:08,Reggi Lowen,Köln,Monitor,Zubehör,5,307.4,Banküberweisung,4,Nein
177,2025-08-23 5:42:19,Dominica McDavitt,Frankfurt,Maus,Electronics,9,182.46,Banküberweisung,2,Nein
178,2025-10-27 5:20:19,Jereme Foottit,Stuttgart,USB-Hub,Electronics,7,972.97,Banküberweisung,5,Nein
179,2025-08-15 15:27:45,Yehudi Leppard,Leipzig,Tastatur,Zubehör,1,605.81,PayPal,5,Nein
180,2026-04-10 23:54:00,Zorah Woloschinski,Stuttgart,Maus,Electronics,6,999.83,PayPal,1,Ja
181,2025-09-13 14:44:46,Rakel Crampton,Düsseldorf,USB-Hub,Zubehör,1,782.11,Kreditkarte,4,Ja
182,2026-03-11 18:33:13,Caesar Dillimore,Leipzig,Tastatur,Zubehör,7,785.96,Banküberweisung,5,Nein
183,2025-08-28 8:06:18,Ulrike Parren,Düsseldorf,Webcam,Electronics,3,446.53,Barzahlung,1,Nein
184,2025-09-26 12:50:44,Rhona Beggin,Leipzig,Maus,Electronics,6,441.04,Banküberweisung,1,Ja
185,2025-12-03 13:38:45,Drusi Klaas,Köln,Webcam,Electronics,1,282.82,Kreditkarte,1,Nein
186,2025-08-04 5:13:28,Cristionna Castaignet,Hamburg,Laptop,Zubehör,2,432.03,Kreditkarte,4,Nein
187,2026-05-13 16:12:39,Odette Clabburn,Frankfurt,Webcam,Zubehör,4,476.06,Barzahlung,2,Nein
188,2025-12-04 0:36:11,Barron Terbrugge,München,Maus,Zubehör,9,156.73,PayPal,1,Nein
189,2025-06-14 0:10:06,Lyle Prestner,München,Laptop,Electronics,3,994.25,PayPal,5,Nein
190,2026-04-09 11:22:34,Vern Alldridge,Köln,Monitor,Zubehör,9,1086.13,Banküberweisung,4,Nein
191,2025-06-16 15:29:11,Stewart Huard,Frankfurt,USB-Hub,Electronics,9,158.22,Banküberweisung,1,Nein
192,2025-08-04 5:51:40,Raphael Bricksey,Frankfurt,Smartphone,Electronics,10,356.76,Kreditkarte,1,Nein
193,2025-12-18 1:59:06,Duffie Corpe,Hamburg,Maus,Electronics,2,749.91,PayPal,1,Nein
194,2025-12-13 0:29:18,Luis Whitnall,Düsseldorf,Maus,Electronics,8,474.93,PayPal,4,Nein
195,2025-10-13 11:13:20,Gertrudis Boys,Köln,Smartphone,Electronics,3,1079.96,Barzahlung,2,Nein
196,2025-06-09 5:19:19,Marge Dabes,Frankfurt,Webcam,Electronics,10,337.04,PayPal,2,Ja
197,2026-05-01 7:10:49,Ravid Doel,Köln,Webcam,Electronics,6,596.98,Kreditkarte,2,Ja
198,2025-11-27 2:52:39,Sherilyn Streat,Köln,Webcam,Zubehör,1,745.7,PayPal,3,Nein
199,2026-03-06 5:50:04,Keely Blagbrough,München,USB-Hub,Electronics,3,837.48,Kreditkarte,1,Nein
200,2026-04-23 1:35:52,Adham Draude,Berlin,Webcam,Electronics,6,910.54,Banküberweisung,4,Nein
201,2025-11-15 18:11:17,Aleksandr Hastler,Leipzig,Maus,Zubehör,7,695.46,Banküberweisung,5,Nein
202,2026-05-15 0:48:40,Daron Rudwell,Berlin,Tastatur,Zubehör,3,1061.33,Kreditkarte,3,Nein
203,2025-12-27 8:16:29,Editha Tordoff,Düsseldorf,Maus,Electronics,8,301.02,PayPal,2,Nein
204,2026-01-03 12:24:16,Jorge MacFarlan,Köln,Webcam,Electronics,5,650.41,Banküberweisung,1,Nein
205,2025-07-21 15:45:04,Winifred Macy,Frankfurt,Monitor,Zubehör,1,19.78,Barzahlung,2,Nein
206,2026-01-29 1:14:08,Shane Antuoni,Frankfurt,Laptop,Zubehör,10,484.09,PayPal,2,Ja
207,2026-03-18 16:36:58,Alberik Purches,Düsseldorf,Monitor,Zubehör,5,180.48,Kreditkarte,2,Nein
208,2025-10-24 0:59:20,Perceval Lensch,Hamburg,Maus,Zubehör,9,684.58,PayPal,1,Nein
209,2026-05-29 17:55:41,Donni Brand,Berlin,Smartphone,Electronics,1,588.28,Banküberweisung,3,Ja
210,2026-02-09 7:03:01,Gretta Fillis,Hamburg,Maus,Electronics,8,632.35,Banküberweisung,5,Ja
211,2025-06-13 19:42:50,Raimundo Akam,Berlin,Monitor,Electronics,5,637.17,Banküberweisung,2,Ja
212,2026-01-30 14:24:59,Murray Otley,Hamburg,Maus,Zubehör,8,727.62,Kreditkarte,2,Nein
213,2026-03-01 21:45:39,Alix Caustic,Frankfurt,Maus,Zubehör,2,1182.45,Kreditkarte,3,Nein
214,2026-05-16 10:06:21,Florance O'Dunniom,MÜNCHEN,Webcam,Electronics,3,932.46,PayPal,5,Ja
215,2026-02-05 21:50:33,Marthe Bauld,Stuttgart,Webcam,Electronics,9,1147.46,Barzahlung,4,Nein
216,2025-08-17 16:10:02,Regina Greenhaugh,Köln,Monitor,Zubehör,6,743.67,Kreditkarte,4,Nein
217,2025-06-14 8:46:04,Ricky de Tocqueville,Frankfurt,Maus,Zubehör,3,140.52,Banküberweisung,1,Ja
218,2025-06-23 5:11:59,Ramonda Mechi,Hamburg,Smartphone,Zubehör,7,765.83,Banküberweisung,2,Nein
219,2026-05-01 22:43:16,Zachery Palmar,Stuttgart,USB-Hub,Electronics,3,538.57,Banküberweisung,4,Ja
220,2025-06-19 15:08:40,Waiter Mayell,Frankfurt,Maus,Electronics,10,238.21,Banküberweisung,4,Nein
221,2025-08-25 21:50:26,Binky Wreiford,Stuttgart,Laptop,Electronics,5,491.31,PayPal,2,Ja
222,2026-01-24 15:04:54,Myrtice Dozdill,Leipzig,Kopfhörer,Zubehör,7,1199.53,PayPal,5,Nein
223,2026-02-03 4:10:11,Car Wringe,Frankfurt,Tastatur,Electronics,9,0,Kreditkarte,1,Nein
224,2026-05-23 14:27:53,Dimitri Huffy,München,Smartphone,Zubehör,3,625.97,Kreditkarte,5,Ja
225,2026-01-21 5:44:22,Lanny Ezzle,Hamburg,Webcam,Electronics,9,619.71,Barzahlung,2,Nein
226,2025-08-04 11:50:27,Raina Monget,Berlin,Laptop,Electronics,10,258.44,Kreditkarte,4,Nein
227,2026-05-12 3:38:17,Helene Streather,Hamburg,Smartphone,Electronics,3,563.17,PayPal,3,Nein
228,2026-02-13 11:40:23,Burnard Pighills,Frankfurt,Kopfhörer,Zubehör,6,24.45,Barzahlung,1,Nein
229,2026-03-12 8:23:03,Aimil Burge,Berlin,Laptop,Zubehör,7,937.65,Banküberweisung,4,Nein
230,2025-08-27 2:57:26,Shalom Halfacre,München,Monitor,Zubehör,6,99.16,Banküberweisung,5,Ja
231,2026-05-06 8:54:24,Jacqueline Chestnutt,Frankfurt,USB-Hub,Electronics,5,1070.1,PayPal,2,Nein
232,2026-02-11 22:04:11,Angie Alessandone,Köln,USB-Hub,Zubehör,1,842.2,Barzahlung,4,Nein
233,2026-02-04 10:23:04,Hermina Tellwright,Berlin,USB-Hub,Zubehör,1,791.56,Barzahlung,2,Nein
234,2026-04-30 13:44:41,Brod Haslegrave,Stuttgart,Smartphone,Zubehör,7,1026.78,Banküberweisung,1,Nein
235,2026-01-20 10:31:36,Rollin Crowson,Berlin,Maus,Zubehör,8,335.88,Kreditkarte,5,Nein
236,2026-02-07 21:23:59,Regen Mancer,Stuttgart,Laptop,Electronics,2,486,Banküberweisung,3,Nein
237,2025-08-13 8:07:39,Ramona Redhouse,Leipzig,Kopfhörer,Electronics,7,170.15,PayPal,1,Nein
238,2026-01-04 2:07:03,Jobi Bernardt,Köln,Tastatur,Electronics,10,1051.97,Banküberweisung,5,Nein
239,2026-02-06 18:28:57,Nicki Hawley,München,Monitor,Electronics,6,1187.8,Kreditkarte,2,Nein
240,2025-08-01 3:35:56,Gabriello Plumbley,Hamburg,Tastatur,Electronics,5,459.57,PayPal,3,Nein
241,2025-08-23 15:25:26,Denys Allsop,Hamburg,Tastatur,Electronics,7,72.07,Banküberweisung,2,Nein
242,2025-10-11 13:12:48,Connie Melling,Frankfurt,Webcam,Electronics,4,119.84,Kreditkarte,2,Ja
243,2025-12-20 3:43:21,Shane Tow,Berlin,USB-Hub,Electronics,2,955.73,Banküberweisung,4,Nein
244,2025-08-20 5:17:46,Jimmie Huie,München,Monitor,Zubehör,1,158.58,Barzahlung,1,Nein
245,2025-08-31 11:54:54,Livy Munkley,Hamburg,Smartphone,Zubehör,9,206.28,PayPal,2,Nein
246,2025-11-21 1:40:56,Gerti Cordoba,Frankfurt,Smartphone,Electronics,10,626.59,PayPal,1,Ja
247,2025-11-11 4:46:14,Gianni Hay,München,Maus,Zubehör,10,480,PayPal,4,Nein
248,2025-09-03 21:31:43,Geoff Hawley,Stuttgart,USB-Hub,Electronics,1,778.55,Barzahlung,5,Ja
249,2026-01-22 22:58:30,Kristoforo Pearlman,Düsseldorf,Monitor,Electronics,4,1055.8,PayPal,2,Nein
250,2026-03-21 21:41:42,Darcie Pyke,Frankfurt,Tastatur,Zubehör,3,452.16,Banküberweisung,3,Nein
251,2025-11-18 18:19:18,Hershel McGilvra,Düsseldorf,USB-Hub,Zubehör,2,328.99,Banküberweisung,2,Nein
252,2026-02-16 1:23:55,Amalee Milsap,Düsseldorf,Maus,Zubehör,9,925.91,Kreditkarte,3,Nein
253,2026-03-30 22:31:04,Madison Glenn,Berlin,Maus,Zubehör,9,185.65,Banküberweisung,3,Nein
254,2026-03-24 17:46:26,Ag Ennals,München,Laptop,Electronics,3,1165.69,Barzahlung,5,Nein
255,2025-08-29 22:18:20,Artemis Josskoviz,Düsseldorf,Laptop,Electronics,6,525.98,PayPal,4,Nein
256,2025-09-18 5:55:52,Deonne Rand,Leipzig,Smartphone,Electronics,5,679.24,PayPal,3,Nein
257,2025-08-20 19:42:32,Virgie Whaymand,Berlin,Monitor,Electronics,6,1174.16,PayPal,5,Nein
258,2026-02-13 5:07:21,Hana Genery,Frankfurt,Laptop,Electronics,6,1078.12,Kreditkarte,3,Nein
259,2025-11-13 10:25:54,Theressa Kidds,Leipzig,Monitor,Electronics,1,549.24,PayPal,3,Nein
260,2026-01-21 22:42:19,Alexio Wildbore,Hamburg,Tastatur,Electronics,6,904.71,Barzahlung,2,Nein
261,2025-09-30 4:17:00,Reece Faragan,Stuttgart,Webcam,Electronics,3,960.88,PayPal,4,Nein
262,2025-08-18 1:24:28,Fergus Urquhart,Hamburg,Smartphone,Zubehör,8,863.75,Barzahlung,3,Nein
263,2026-01-22 8:45:27,Boot Giorgielli,Leipzig,USB-Hub,Zubehör,7,666.58,Kreditkarte,4,Nein
264,2026-01-21 17:26:40,Tommi Curwen,Hamburg,USB-Hub,Zubehör,7,334.5,PayPal,3,Ja
265,2025-08-20 14:14:05,Nelie Ormrod,Stuttgart,Laptop,Electronics,7,1153.5,PayPal,5,Ja
266,2025-12-19 8:15:24,Stafani Orknay,Frankfurt,Maus,Electronics,2,731.01,Banküberweisung,2,Nein
267,2026-01-18 18:32:09,Fair Lovatt,Köln,Kopfhörer,Electronics,5,175.69,PayPal,2,Nein
268,2026-04-11 8:19:37,Stanley Alcide,Stuttgart,Laptop,Electronics,9,337.58,Banküberweisung,4,Nein
269,2025-11-13 19:08:16,Kaye Wadge,Köln,Maus,Zubehör,1,181.15,Banküberweisung,3,Nein
270,2026-03-16 18:11:22,Clement Defont,Köln,Tastatur,Zubehör,6,508.61,Banküberweisung,2,Nein
271,2026-02-23 16:59:03,Dur Fullick,Frankfurt,Tastatur,Zubehör,6,107.7,Kreditkarte,5,Nein
272,2026-03-15 11:20:31,Eyde Grayham,Stuttgart,Monitor,Electronics,4,715.62,PayPal,5,Nein
273,2025-10-20 20:25:25,Cordey Week,Stuttgart,Tastatur,Electronics,7,365.43,Kreditkarte,3,Nein
274,2026-04-03 3:50:40,Dollie Kennaird,Stuttgart,Monitor,Zubehör,7,904.09,PayPal,3,Ja
275,2026-03-18 1:58:10,Lil Gauden,Hamburg,Tastatur,Electronics,10,307.61,Barzahlung,4,Nein
276,2025-12-24 16:32:25,Oneida Schuh,Köln,Monitor,Electronics,8,283.77,PayPal,2,Ja
277,2025-06-30 6:25:54,Viviyan Clubbe,Düsseldorf,Tastatur,Zubehör,2,0,PayPal,5,Nein
278,2026-01-27 17:16:56,Jeremie Ellison,Berlin,Laptop,Zubehör,8,91.65,Kreditkarte,1,Ja
279,2025-12-30 21:47:41,Rebecka Gerish,Frankfurt,Laptop,Zubehör,2,323.09,Banküberweisung,2,Nein
280,2025-07-26 6:39:11,Kelcey Ingreda,Frankfurt,Kopfhörer,Zubehör,2,765.52,Kreditkarte,1,Ja
281,2026-04-06 23:18:11,Sibilla Winterscale,Hamburg,USB-Hub,Electronics,1,776.38,Barzahlung,3,Nein
282,2026-04-25 22:34:33,Fiona Atherton,Frankfurt,Webcam,Zubehör,2,930.46,Kreditkarte,2,Nein
283,2025-08-20 12:59:49,Gordan Welland,Köln,Laptop,Electronics,6,449.22,Barzahlung,5,Nein
284,2026-05-10 12:28:39,Sancho Oosthout de Vree,Berlin,Webcam,Electronics,3,732.92,Banküberweisung,5,Nein
285,2026-03-24 13:14:20,Rodrick Grigore,München,USB-Hub,Electronics,5,1025.66,PayPal,3,Nein
286,2026-03-25 13:19:31,Temp Pilbeam,Frankfurt,Maus,Zubehör,10,967.74,Banküberweisung,2,Nein
287,2026-03-12 17:32:11,Brigid Goullee,Düsseldorf,USB-Hub,Zubehör,4,225.66,Kreditkarte,2,Nein
288,2025-10-18 6:57:12,Harriette de Savery,München,Webcam,Electronics,7,953.39,Banküberweisung,2,Nein
289,2026-01-06 6:57:45,Ceil Deans,Leipzig,Laptop,Electronics,3,1013.79,Kreditkarte,3,Nein
290,2025-06-06 5:52:00,Veronike Fassan,Leipzig,USB-Hub,Electronics,9,549.58,PayPal,3,Nein
291,2026-01-29 2:58:58,Vittoria Hansell,Hamburg,Maus,Zubehör,10,602.1,Kreditkarte,2,Nein
292,2025-11-14 17:56:37,Desmond Zorzin,Leipzig,Tastatur,Zubehör,7,256.53,PayPal,5,Ja
293,2026-02-14 16:04:25,Eddy Risman,Stuttgart,Maus,Electronics,9,493.43,Banküberweisung,5,Nein
294,2026-04-15 12:48:18,Clim Hynson,Köln,Webcam,Zubehör,9,1016.64,Kreditkarte,4,Nein
295,2026-05-10 3:39:14,Krissie Haddacks,München,USB-Hub,Zubehör,9,659.71,PayPal,3,Nein
296,2025-12-29 22:13:51,Dennison Tugwell,München,Maus,Zubehör,10,803.52,PayPal,5,Ja
297,2025-08-07 3:51:00,Lewes Sabben,Berlin,Kopfhörer,Zubehör,1,824.4,PayPal,4,Nein
298,2025-11-10 9:22:37,Artie Pavlitschek,Leipzig,Tastatur,Electronics,1,941.62,Barzahlung,4,Nein
299,2025-08-17 10:45:23,Sarine Pentecost,Düsseldorf,Webcam,Electronics,6,724.01,Kreditkarte,1,Nein
300,2026-03-05 1:06:09,Adler Westnage,Leipzig,Monitor,Zubehör,10,699.28,Kreditkarte,5,Nein
301,2026-04-11 22:28:33,Israel Lorenzetti,Köln,Webcam,Zubehör,6,969.69,PayPal,5,Nein
302,2026-04-27 10:55:10,Dyana Bloodworth,Köln,USB-Hub,Zubehör,2,1144.13,Barzahlung,5,Ja
303,2026-03-06 21:58:24,Kamilah Abells,Düsseldorf,Laptop,Electronics,1,866.49,PayPal,4,Nein
304,2026-05-19 3:41:54,Cristobal Muddle,Berlin,Maus,Zubehör,10,845.2,PayPal,5,Nein
305,2025-09-29 13:05:12,Kaila Gilks,München,Webcam,Electronics,3,347.47,PayPal,1,Nein
306,2026-05-26 18:00:01,Hortensia Bryan,München,Tastatur,Zubehör,9,954.91,PayPal,5,Nein
307,2026-04-19 18:27:32,Frasquito Whitehorne,Frankfurt,USB-Hub,Zubehör,4,592.66,Banküberweisung,3,Ja
308,2026-03-29 11:48:07,Milissent Zarfati,Düsseldorf,Webcam,Electronics,5,30.5,PayPal,3,Nein
309,2026-02-13 6:39:17,Leona Kernan,Berlin,Maus,Electronics,6,1151.61,Barzahlung,2,Nein
310,2026-03-01 3:43:01,Garner Alleburton,Hamburg,Webcam,Electronics,10,956.71,Barzahlung,5,Nein
311,2026-01-13 22:53:42,Krisha Pendall,Düsseldorf,USB-Hub,Electronics,2,919.21,Barzahlung,5,Ja
312,2026-03-24 20:30:39,Reese Parslow,Frankfurt,Laptop,Zubehör,7,77.42,Banküberweisung,4,Ja
313,2026-05-24 16:25:10,Ernesta Domengue,Hamburg,Monitor,Electronics,2,754.51,Banküberweisung,4,Ja
314,2025-10-03 4:02:53,Titus Mitchiner,Leipzig,Smartphone,Electronics,2,441.25,PayPal,4,Nein
315,2026-04-07 16:51:02,Wenonah Buttfield,Düsseldorf,Tastatur,Zubehör,4,312.29,Barzahlung,4,Nein
316,2025-12-21 4:31:50,Clarinda Alpes,Stuttgart,Maus,Zubehör,9,1153.57,Banküberweisung,1,Ja
317,2026-06-01 6:22:29,Gustav Jowling,Köln,USB-Hub,Electronics,6,1039.88,Kreditkarte,2,Nein
318,2026-01-02 15:17:48,Eugen Scherme,Hamburg,Webcam,Electronics,10,472.38,Banküberweisung,2,Nein
319,2025-11-06 1:36:30,Vevay Meese,Frankfurt,USB-Hub,Zubehör,4,1175.91,Banküberweisung,4,Nein
320,2025-11-13 0:18:18,Bentlee Senner,Leipzig,Monitor,Electronics,6,500.01,Banküberweisung,1,Nein
321,2025-12-31 1:38:09,Tate Coldham,Stuttgart,Laptop,Electronics,1,525.79,Kreditkarte,3,Ja
322,2026-02-26 0:32:04,Kathrine Bracken,Stuttgart,Monitor,Zubehör,1,1120,Banküberweisung,4,Ja
323,2025-10-30 21:46:17,Rhea Althorp,München,Tastatur,Electronics,7,435.01,PayPal,1,Ja
324,2026-02-17 13:06:36,Pepita Found,Hamburg,Webcam,Zubehör,7,566.06,Kreditkarte,3,Nein
325,2025-07-07 6:19:00,Ferne Bezarra,Stuttgart,Kopfhörer,Zubehör,7,933.62,Kreditkarte,5,Nein
326,2025-10-30 12:27:38,Rance Isgar,München,Tastatur,Electronics,4,698.42,PayPal,2,Nein
327,2026-01-08 5:51:13,Adriaens Broadfoot,München,Monitor,Zubehör,1,373.81,Kreditkarte,4,Nein
328,2026-03-24 3:52:57,Oby Bradnum,Köln,Laptop,Zubehör,7,948.97,Barzahlung,4,Ja
329,2025-12-07 10:29:39,Briant Luis,Leipzig,Maus,Zubehör,5,606.74,Barzahlung,1,Ja
330,2025-07-26 21:56:54,Hettie Stanford,Düsseldorf,Smartphone,Zubehör,5,236.77,PayPal,1,Nein
331,2026-01-22 8:53:49,Domeniga Paolone,Hamburg,Kopfhörer,Electronics,7,612.64,Kreditkarte,3,Nein
332,2026-05-08 18:30:39,Leroy Sterrie,Düsseldorf,Tastatur,Zubehör,5,442.62,PayPal,2,Nein
333,2026-05-12 7:31:27,Benyamin Ayars,Hamburg,Kopfhörer,Zubehör,4,154.61,Kreditkarte,2,Nein
334,2025-07-11 2:11:26,Gonzales Longshaw,Stuttgart,Tastatur,Zubehör,2,1105.51,Kreditkarte,3,Nein
335,2025-12-10 18:06:50,Peyter Rottery,Köln,Monitor,Electronics,3,1048.19,PayPal,2,Nein
336,2026-04-24 22:19:08,Knox Hargey,Köln,Kopfhörer,Zubehör,6,856.07,Banküberweisung,4,Nein
337,2025-10-21 14:34:54,Rouvin Bellow,München,Kopfhörer,Zubehör,4,816.97,PayPal,5,Ja
338,2026-04-23 5:08:49,Joete MacCarrane,Hamburg,Kopfhörer,Electronics,10,531.2,PayPal,1,Nein
339,2026-03-23 13:08:39,Elisha Smitheram,Düsseldorf,Maus,Electronics,10,1171.15,Kreditkarte,2,Nein
340,2025-07-13 20:38:17,Geordie Hessentaler,Berlin,Laptop,Electronics,2,231.64,PayPal,3,Ja
341,2025-08-03 11:47:32,Dirk Feldmus,Düsseldorf,Monitor,Zubehör,4,950.55,Kreditkarte,1,Nein
342,2025-11-02 12:55:24,Livy Reford,Köln,Laptop,Zubehör,6,1137.01,Kreditkarte,1,Ja
343,2025-12-17 2:57:17,Daniel Osant,Köln,Monitor,Zubehör,7,43.69,Banküberweisung,3,Nein
344,2025-08-14 14:59:05,Allyn Walklate,Hamburg,Webcam,Electronics,7,53.34,Banküberweisung,5,Nein
345,2025-08-31 11:10:34,Sallyanne Simeon,Düsseldorf,Laptop,Electronics,9,1091.13,PayPal,5,Ja
346,2026-04-27 11:02:21,Ebeneser Christophle,Hamburg,Smartphone,Zubehör,4,1171.16,PayPal,1,Ja
347,2025-10-10 3:01:09,Arlan Loosley,Frankfurt,Smartphone,Zubehör,5,835.65,Banküberweisung,5,Nein
348,2025-06-16 21:29:51,Pall Gurney,Berlin,Smartphone,Zubehör,2,595.32,Barzahlung,2,Nein
349,2026-02-10 20:52:14,Anna-diana Buckland,Hamburg,Laptop,Zubehör,6,132.96,PayPal,1,Nein
350,2026-01-12 19:06:38,Malory Bath,Hamburg,Laptop,Electronics,1,636.75,Kreditkarte,3,Nein
351,2026-04-25 12:39:52,Denis Catonne,Düsseldorf,USB-Hub,Zubehör,7,890.73,Kreditkarte,2,Nein
352,2025-10-03 10:12:02,Fayina Colleck,Hamburg,Laptop,Zubehör,2,79.74,Kreditkarte,4,Nein
353,2026-02-02 21:14:54,Hyacinthia Folbig,Düsseldorf,Webcam,Zubehör,1,1169.9,PayPal,3,Ja
354,2025-06-05 20:23:04,Jobi Gallop,Frankfurt,Smartphone,Electronics,2,827.36,Banküberweisung,3,Nein
355,2026-03-28 9:21:35,Riane Primak,Berlin,Webcam,Zubehör,4,664.97,PayPal,2,Nein
356,2025-10-31 1:57:30,Bobine Jankin,München,Tastatur,Electronics,5,384.42,PayPal,3,Nein
357,2025-08-26 23:49:13,Bibbie Sibbson,Hamburg,Tastatur,Electronics,8,1152.7,PayPal,4,Nein
358,2025-09-23 22:17:49,Ardine Du Hamel,Frankfurt,Monitor,Electronics,1,755.93,Barzahlung,4,Ja
359,2025-07-26 12:43:00,Northrop Harniman,München,Maus,Zubehör,9,693.83,Banküberweisung,5,Nein
360,2025-12-12 9:50:57,Tyler Bradick,Köln,Maus,Electronics,2,935.55,Banküberweisung,4,Nein
361,2025-10-13 1:29:13,Dean Durbann,Leipzig,Webcam,Zubehör,7,487.15,Kreditkarte,1,Nein
362,2025-06-10 15:21:18,Hamnet Coggings,Köln,Monitor,Electronics,5,1169.69,PayPal,3,Nein
363,2025-12-03 16:13:24,Penny Dammarell,Hamburg,Tastatur,Zubehör,9,990.42,Kreditkarte,1,Ja
364,2025-08-07 15:00:28,Rodolphe Maxwale,Hamburg,Maus,Electronics,5,517.67,Kreditkarte,3,Nein
365,2025-10-11 17:29:16,Ephraim Kovacs,Köln,Maus,Zubehör,7,176.62,PayPal,2,Nein
366,2026-02-11 0:47:37,Fabien Simcoe,Berlin,USB-Hub,Zubehör,2,774.87,Banküberweisung,1,Nein
367,2025-11-23 16:14:14,Lazarus Foss,Düsseldorf,Kopfhörer,Electronics,9,761.25,Barzahlung,2,Nein
368,2026-01-28 19:24:25,Zondra Cracie,Frankfurt,Laptop,Zubehör,2,65.11,PayPal,2,Nein
369,2025-11-17 3:49:52,Ariana Dymick,Berlin,Laptop,Zubehör,4,379.25,PayPal,3,Ja
370,2025-07-04 21:35:14,Chad Brea,Stuttgart,Laptop,Zubehör,2,429.99,PayPal,4,Nein
371,2025-10-13 20:38:22,Silvanus Cossons,Leipzig,Smartphone,Zubehör,7,496.55,Banküberweisung,3,Nein
372,2025-11-02 22:31:51,Rebeca Scemp,Köln,Tastatur,Electronics,4,39.05,Kreditkarte,5,Nein
373,2026-03-27 20:39:37,Laurence McClarence,Düsseldorf,Maus,Zubehör,4,322.46,Banküberweisung,1,Nein
374,2025-06-19 11:26:30,Marietta Kimble,Berlin,Smartphone,Zubehör,4,290.99,Banküberweisung,2,Nein
375,2025-10-19 7:21:37,Nanine Trowsdale,Berlin,Kopfhörer,Electronics,2,168.99,Kreditkarte,1,Ja
376,2026-01-06 12:54:07,Jordain Rookeby,Köln,Tastatur,Zubehör,9,241.91,PayPal,1,Nein
377,2026-05-02 8:26:12,Ronalda Robbe,Berlin,Kopfhörer,Electronics,5,824.54,PayPal,3,Nein
378,2026-02-03 0:19:52,Kristo Buxcey,Köln,Laptop,Zubehör,6,1063.73,Kreditkarte,4,Ja
379,2025-09-28 13:27:25,Finley Addyman,Stuttgart,Laptop,Zubehör,10,445.72,Banküberweisung,2,Nein
380,2026-04-17 17:24:11,Erminie Kiezler,Düsseldorf,Laptop,Electronics,9,905.69,Barzahlung,1,Ja
381,2025-06-24 8:08:55,Emmeline Mulvany,Frankfurt,Laptop,Electronics,6,1145.66,Barzahlung,1,Nein
382,2025-11-15 16:26:35,Jerome Morilla,Frankfurt,USB-Hub,Zubehör,8,196.89,PayPal,4,Nein
383,2025-12-30 10:28:57,Noel Grindlay,München,Smartphone,Zubehör,10,865.41,Kreditkarte,4,Nein
384,2025-06-07 22:00:38,Lynea Cisco,München,Kopfhörer,Zubehör,10,1063.48,PayPal,5,Nein
385,2025-09-21 20:05:42,Dionis Scholtis,Düsseldorf,Smartphone,Electronics,7,187.83,Kreditkarte,4,Nein
386,2025-08-12 5:11:46,Davida Shaudfurth,Berlin,Kopfhörer,Electronics,8,505.04,Barzahlung,5,Nein
387,2025-12-15 21:25:40,Beverly Lorence,München,Laptop,Electronics,3,94.18,Barzahlung,3,Nein
388,2026-03-19 20:25:07,Vittoria Aylmore,Frankfurt,Laptop,Electronics,3,694.17,Barzahlung,5,Nein
389,2026-04-23 5:10:08,Lorelei Anderer,Köln,USB-Hub,Zubehör,4,575.74,Kreditkarte,5,Nein
390,2026-04-13 7:57:03,Hadleigh Stone Fewings,Stuttgart,USB-Hub,Electronics,6,1134.45,Kreditkarte,1,Nein
391,2026-04-12 14:23:12,Bryana Hames,Düsseldorf,Tastatur,Electronics,10,950.4,Kreditkarte,2,Nein
392,2025-11-16 18:40:30,Imelda Atwel,München,Maus,Electronics,7,599.47,Kreditkarte,3,Nein
393,2025-06-12 0:47:46,Blaire de la Tremoille,Stuttgart,Laptop,Electronics,2,1077.59,Kreditkarte,4,Nein
394,2026-05-08 13:39:03,Melisse Middlemiss,München,Kopfhörer,Electronics,5,611.87,PayPal,4,Ja
395,2026-02-15 1:31:19,Aurora Farthin,Hamburg,Tastatur,Electronics,6,930.58,Kreditkarte,3,Nein
396,2026-03-27 20:57:33,Birgit Adao,München,Laptop,Zubehör,1,741.98,Barzahlung,3,Nein
397,2026-01-24 1:56:23,Rozelle Dingwall,Stuttgart,Monitor,Zubehör,7,521.74,PayPal,4,Ja
398,2025-11-22 23:12:20,Fidole O'Tierney,München,USB-Hub,Zubehör,9,960.71,Banküberweisung,2,Nein
399,2025-08-27 11:18:29,Nari Innes,Stuttgart,USB-Hub,Zubehör,8,313.21,PayPal,1,Nein
400,2025-07-21 17:12:07,Karrah Padula,Düsseldorf,Webcam,Zubehör,6,425.58,PayPal,5,Nein
401,2026-04-08 2:35:39,Ingeberg Lavalle,München,USB-Hub,Zubehör,1,1194.64,Kreditkarte,3,Nein
402,2026-01-31 11:09:18,Burt Southcombe,Leipzig,Laptop,Zubehör,6,837.7,Kreditkarte,1,Nein
403,2026-01-21 5:02:53,Aurelea Aaronson,Berlin,Smartphone,Zubehör,3,1197.36,PayPal,2,Nein
404,2025-08-21 14:01:36,Brock Muckart,Berlin,Laptop,Electronics,1,398.35,PayPal,4,Nein
405,2025-11-12 3:12:37,Leland McCormick,Stuttgart,Maus,Electronics,7,224.2,Banküberweisung,3,Nein
406,2025-10-21 7:33:36,Melosa Basset,Köln,Laptop,Zubehör,1,117.58,Banküberweisung,5,Nein
407,2026-02-06 3:16:31,Harper Amyes,Leipzig,Monitor,Electronics,6,378.92,Barzahlung,4,Ja
408,2025-09-19 23:04:46,Nathalie Reaman,Leipzig,Webcam,Zubehör,3,292.73,Kreditkarte,5,Nein
409,2026-05-28 1:17:56,Larine Lambell,Stuttgart,Monitor,Electronics,10,463.25,PayPal,1,Nein
410,2026-01-03 0:38:31,Helaine Durrington,Stuttgart,Kopfhörer,Zubehör,10,602.91,Barzahlung,5,Ja
411,2025-07-01 2:59:52,Hildagard Banting,Berlin,Monitor,Zubehör,5,448.06,Banküberweisung,2,Nein
412,2025-07-16 3:31:37,Vance Piaggia,Berlin,Maus,Electronics,3,1126.55,Barzahlung,4,Nein
413,2025-08-27 0:48:39,Doralynne Greatbank,Berlin,USB-Hub,Electronics,1,688.57,Banküberweisung,5,Nein
414,2025-06-11 13:53:10,Catarina Andrzejak,Köln,Monitor,Electronics,1,535.34,PayPal,5,Nein
415,2026-02-10 2:59:54,Gav Raden,Frankfurt,Tastatur,Zubehör,3,772.58,Kreditkarte,2,Nein
416,2025-10-22 4:37:39,Rosemarie Gillio,Stuttgart,Webcam,Electronics,3,582.2,Barzahlung,3,Nein
417,2025-09-25 8:59:39,Marys Tomasian,Frankfurt,Laptop,Zubehör,8,704.56,Banküberweisung,3,Nein
418,2026-04-12 18:47:28,Eleonora Arblaster,Hamburg,Kopfhörer,Electronics,7,1030.4,Banküberweisung,1,Nein
419,2026-04-06 11:39:39,Xylina Eke,Stuttgart,Laptop,Electronics,8,520.96,Banküberweisung,4,Nein
420,2026-01-22 6:25:31,Linnell Foyston,Berlin,Kopfhörer,Electronics,4,539.25,Banküberweisung,3,Ja
421,2026-01-06 20:45:41,Sayre Konig,Köln,Laptop,Zubehör,3,399.13,Kreditkarte,5,Ja
422,2026-05-14 1:06:53,Margot Brizland,Hamburg,Webcam,Zubehör,6,508.8,PayPal,1,Nein
423,2026-01-13 20:58:38,Harriott Harold,Stuttgart,Tastatur,Electronics,5,692.71,Barzahlung,1,Nein
424,2025-09-27 19:52:36,Cherish Constantine,München,USB-Hub,Electronics,10,1188.26,PayPal,3,Nein
425,2025-07-30 22:51:00,Dallis Gellett,München,Tastatur,Zubehör,5,141,Banküberweisung,2,Nein
426,2026-04-21 0:50:01,Willyt Aaronson,Frankfurt,Monitor,Zubehör,5,863.05,Barzahlung,1,Ja
427,2025-08-05 6:53:57,Jenny Tomaini,Frankfurt,Kopfhörer,Zubehör,4,995.09,PayPal,1,Nein
428,2026-02-19 11:44:44,Rois Sandwick,Düsseldorf,Kopfhörer,Electronics,7,991.63,Kreditkarte,1,Ja
429,2025-10-10 14:40:39,Christian Rotherforth,Hamburg,Tastatur,Zubehör,6,845.63,PayPal,5,Nein
430,2025-09-07 12:15:00,Lek Ballach,Leipzig,Maus,Zubehör,10,966.28,Barzahlung,4,Nein
431,2025-08-26 11:53:46,Christian Flexman,Leipzig,Maus,Zubehör,10,175.96,Banküberweisung,5,Nein
432,2025-08-29 14:50:44,Hurlee Fallon,Stuttgart,Monitor,Electronics,2,561.31,Barzahlung,4,Nein
433,2025-10-09 14:23:00,Harrie Genny,Hamburg,Laptop,Zubehör,2,795.38,PayPal,2,Nein
434,2025-11-15 3:11:38,Codi Hiscocks,Düsseldorf,Laptop,Zubehör,10,132.09,Kreditkarte,3,Nein
435,2026-01-11 11:50:01,Keely Withull,Köln,USB-Hub,Electronics,2,1072.36,Banküberweisung,5,Nein
436,2025-07-15 19:21:09,Austin Towson,Hamburg,Monitor,Zubehör,10,1115.93,Banküberweisung,3,Nein
437,2025-09-22 17:22:49,Blaine Iacobassi,Frankfurt,Smartphone,Zubehör,8,397.36,Barzahlung,5,Ja
438,2025-12-31 4:52:17,Giorgi Coopman,Düsseldorf,Laptop,Electronics,8,763.24,Barzahlung,5,Ja
439,2026-03-04 22:39:31,Bebe Prophet,Frankfurt,Smartphone,Electronics,7,252.35,Barzahlung,5,Nein
440,2025-06-10 20:51:04,Jayne Meletti,Hamburg,Kopfhörer,Zubehör,9,582.28,Barzahlung,5,Nein
441,2026-05-05 12:05:17,Osmond Tooker,Hamburg,Smartphone,Electronics,3,444.75,PayPal,4,Nein
442,2025-09-07 1:28:15,Cosme Richardes,Stuttgart,Webcam,Electronics,2,628.59,Kreditkarte,3,Nein
443,2026-03-12 5:14:25,Corbett Petrishchev,Köln,Kopfhörer,Electronics,4,502.17,PayPal,1,Nein
444,2025-08-06 18:08:32,Deerdre Titmarsh,München,Maus,Zubehör,5,491.75,Kreditkarte,4,Nein
445,2026-04-21 10:30:37,Dolores Mainz,Hamburg,Laptop,Zubehör,1,987.38,PayPal,2,Nein
446,2025-07-25 3:02:28,Marsiella Lacase,Düsseldorf,Maus,Electronics,2,1160.85,Kreditkarte,1,Nein
447,2025-07-08 18:39:15,Zorina Castles,München,Smartphone,Electronics,3,73.23,Barzahlung,4,Nein
448,2025-11-26 23:54:47,Tallou Herion,Leipzig,Smartphone,Electronics,5,900.74,Barzahlung,4,Nein
449,2025-11-25 21:40:47,Wright Brougham,Hamburg,Maus,Electronics,5,898.97,Banküberweisung,3,Ja
450,2025-08-23 18:52:26,Konstantine Shelborne,Köln,Webcam,Zubehör,8,1001.72,Barzahlung,3,Nein
451,2026-04-26 22:47:13,Phyllys Swindley,Leipzig,Monitor,Zubehör,3,1074.14,Barzahlung,3,Nein
452,2026-01-02 13:00:26,Ted Moar,München,Monitor,Zubehör,6,668.65,Barzahlung,1,Nein
453,2025-11-04 13:17:06,Tami Prestland,Leipzig,Kopfhörer,Electronics,9,931.87,Banküberweisung,1,Nein
454,2025-12-28 12:54:00,Rowney Leyband,Stuttgart,Tastatur,Electronics,1,471.43,Kreditkarte,5,Nein
455,2025-10-27 9:32:46,Marj Hardman,Stuttgart,Smartphone,Zubehör,9,1140.91,Kreditkarte,1,Nein
456,2025-11-04 20:01:34,Trixie Fairtlough,München,Webcam,Zubehör,9,722.72,Banküberweisung,5,Nein
457,2025-11-23 23:13:43,Taffy Talkington,Hamburg,Smartphone,Zubehör,7,984.39,Banküberweisung,4,Nein
458,2026-02-20 11:28:33,Claudie Spire,Leipzig,Tastatur,Electronics,2,732.34,Banküberweisung,1,Nein
459,2025-09-02 16:53:38,Lissy Turner,Düsseldorf,Monitor,Zubehör,5,595.84,Banküberweisung,1,Nein
460,2025-10-12 11:51:02,Clarke Conibeer,Berlin,Smartphone,Zubehör,2,547.61,PayPal,1,Ja
461,2025-11-29 8:27:46,Noll Robatham,Berlin,Smartphone,Electronics,6,1169.3,Barzahlung,1,Ja
462,2026-02-08 17:29:57,Cyndy Pringley,Hamburg,Monitor,Electronics,5,458.53,PayPal,4,Nein
463,2026-01-31 23:19:40,Cymbre Petris,München,USB-Hub,Electronics,1,1117.37,PayPal,2,Nein
464,2026-04-01 7:41:40,Marcille Sonschein,Stuttgart,Smartphone,Electronics,7,399.59,Banküberweisung,5,Nein
465,2025-11-17 15:09:21,Victor Rivalant,Leipzig,Smartphone,Electronics,6,46.82,Barzahlung,4,Ja
466,2025-08-06 23:20:35,Maury Larter,München,Monitor,Electronics,5,287.4,Banküberweisung,3,Nein
467,2026-03-04 12:51:06,Beverly Trinbey,Köln,Laptop,Electronics,1,1032.62,Banküberweisung,1,Nein
468,2025-09-05 10:55:34,Carr Bottoms,Berlin,Kopfhörer,Zubehör,9,913.49,PayPal,4,Nein
469,2025-09-07 11:17:01,Torie Durn,Frankfurt,Smartphone,Electronics,8,1167.11,PayPal,5,Nein
470,2026-03-07 3:26:41,Truman Chilles,München,USB-Hub,Electronics,9,533.74,Banküberweisung,5,Nein
471,2026-03-16 0:14:46,Nikolaus Brevetor,Köln,Laptop,Electronics,5,324.85,Barzahlung,2,Nein
472,2026-03-03 16:09:43,Roch Kline,Stuttgart,Webcam,Electronics,8,665.7,PayPal,1,Nein
473,2026-03-19 1:33:30,Nicolis Shulem,Hamburg,Kopfhörer,Electronics,2,500.78,Banküberweisung,1,Nein
474,2026-01-07 14:35:11,Ricca Lazar,Hamburg,Maus,Electronics,3,989.79,Kreditkarte,5,Nein
475,2025-11-10 10:33:53,Nobie Asling,Düsseldorf,Webcam,Zubehör,10,973.35,Kreditkarte,3,Nein
476,2026-03-02 20:26:27,Rivkah O'Brien,Düsseldorf,Monitor,Electronics,4,1064.9,Banküberweisung,5,Nein
477,2025-09-23 10:06:51,Clarisse Blaszczynski,Stuttgart,Kopfhörer,Electronics,9,299.35,Kreditkarte,4,Nein
478,2026-04-30 6:24:52,Louella Palffrey,Berlin,USB-Hub,Zubehör,1,523.24,Banküberweisung,5,Nein
479,2025-11-02 4:51:43,Kandace Fruchter,Berlin,Smartphone,Zubehör,7,1095.52,Barzahlung,1,Ja
480,2025-12-22 2:53:14,Ramsey Copelli,Köln,Monitor,Electronics,8,1107.11,Barzahlung,2,Nein
481,2025-10-01 21:35:07,Isidor Leschelle,München,Laptop,Electronics,5,119.99,Barzahlung,5,Nein
482,2026-06-02 4:31:47,Sophia Leatherbarrow,München,USB-Hub,Zubehör,10,1136.92,Barzahlung,3,Nein
483,2026-05-01 12:20:39,Rheta Godspede,München,USB-Hub,Zubehör,3,64.2,Barzahlung,2,Nein
484,2025-11-25 23:18:40,Clim Marquand,Köln,Maus,Electronics,2,774.97,Barzahlung,2,Nein
485,2026-05-16 1:20:20,Windy Di Filippo,Frankfurt,USB-Hub,Zubehör,3,205.11,Kreditkarte,1,Nein
486,2025-09-16 3:33:05,Rori Gowland,Düsseldorf,Smartphone,Zubehör,1,901.86,Banküberweisung,4,Nein
487,2025-11-05 22:25:39,Janey Monson,Köln,Webcam,Electronics,5,919.43,PayPal,5,Nein
488,2025-07-28 19:49:32,Garvey Kettell,Köln,Webcam,Zubehör,2,915.4,Kreditkarte,1,Ja
489,2025-11-19 9:22:31,Garland Hadlow,München,Kopfhörer,Zubehör,2,443.69,PayPal,4,Nein
490,2026-05-20 11:32:16,Liane Tregido,Stuttgart,Smartphone,Electronics,8,784.56,Barzahlung,4,Nein
491,2026-01-28 8:53:28,Delinda Burrett,Hamburg,Smartphone,Zubehör,7,776.28,Kreditkarte,4,Nein
492,2025-12-10 6:18:41,Raoul Bogace,Leipzig,Maus,Electronics,6,525.07,Banküberweisung,4,Nein
493,2025-11-28 6:07:35,Adeline Pechacek,Berlin,Smartphone,Electronics,7,338.71,Barzahlung,5,Nein
494,2025-10-06 13:49:47,Kissiah Stading,Frankfurt,Tastatur,Zubehör,5,42.18,Banküberweisung,2,Nein
495,2025-11-01 16:44:58,Loleta Bolf,Frankfurt,Smartphone,Zubehör,9,486.1,PayPal,5,Nein
496,2025-07-31 8:03:13,Brock Morford,Düsseldorf,Monitor,Electronics,3,351.95,PayPal,5,Nein
497,2025-07-02 1:43:36,Buffy Stannering,Düsseldorf,Smartphone,Electronics,4,811.93,Banküberweisung,1,Ja
498,2025-06-21 23:51:28,Cozmo Arter,Köln,Laptop,Electronics,5,917.2,Banküberweisung,2,Nein
499,2025-11-07 18:49:14,Hugh Kyles,Köln,Kopfhörer,Zubehör,4,525.65,PayPal,4,Nein
500,2025-07-05 19:00:51,Nadya Lavallie,Hamburg,Tastatur,Zubehör,7,329.32,Banküberweisung,2,Nein
501,2025-08-19 22:22:58,Jarid Beasant,Düsseldorf,Laptop,Electronics,4,513.49,Kreditkarte,1,Nein
502,2025-12-30 13:44:23,Jarad Hubberstey,Frankfurt,Tastatur,Zubehör,5,673.71,Banküberweisung,4,Nein
503,2026-02-26 13:20:38,Vanya Bande,Düsseldorf,Monitor,Zubehör,3,886.95,Barzahlung,5,Nein
504,2026-01-12 17:09:58,Kahaleel Arnli,Berlin,Tastatur,Electronics,1,184.43,Banküberweisung,3,Nein
505,2025-10-22 9:44:17,Tan Neath,Berlin,Smartphone,Zubehör,8,1190.95,Kreditkarte,2,Nein
506,2025-06-14 17:01:43,Reagen von Nassau,Frankfurt,Webcam,Zubehör,4,929.01,PayPal,5,Nein
507,2025-08-26 18:18:11,Laureen Dillintone,Hamburg,Tastatur,Electronics,7,86.86,Kreditkarte,1,Nein
508,2025-10-14 22:51:42,Tudor Sowrah,München,USB-Hub,Zubehör,7,518.57,Kreditkarte,5,Ja
509,2025-06-15 20:39:28,Laura Moodie,Frankfurt,Laptop,Electronics,7,868.05,Barzahlung,1,Nein
510,2026-01-02 2:28:56,Colly Gogan,München,Webcam,Zubehör,6,600.25,Barzahlung,4,Ja
511,2026-03-28 16:06:27,Felice Pinnijar,Leipzig,Smartphone,Zubehör,8,1054.04,Barzahlung,4,Ja
512,2025-12-07 20:11:28,Francisco Hoofe,Stuttgart,Kopfhörer,Zubehör,4,669.51,Barzahlung,2,Ja
513,2026-02-12 10:10:51,Dana Goudman,Berlin,Tastatur,Electronics,5,834.45,Barzahlung,2,Nein
514,2025-11-12 2:39:24,Shirlee Iacovone,Berlin,USB-Hub,Zubehör,6,973.36,Barzahlung,4,Nein
515,2026-02-16 12:09:12,Noell Mushett,Köln,Kopfhörer,Electronics,10,989.12,PayPal,4,Nein
516,2026-03-10 13:42:57,Cicily McDyer,Stuttgart,Laptop,Zubehör,6,535.35,Kreditkarte,5,Nein
517,2025-06-13 12:20:09,Evin Farriar,Köln,Kopfhörer,Zubehör,10,400.6,PayPal,5,Nein
518,2026-05-15 11:06:55,Othilie Metzel,Berlin,Kopfhörer,Zubehör,4,344.41,Kreditkarte,3,Nein
519,2025-11-17 15:45:47,Bartolomeo Essex,München,USB-Hub,Zubehör,2,1154.45,PayPal,3,Nein
520,2025-06-14 12:39:39,Rodney Waterworth,Leipzig,Tastatur,Electronics,5,148.11,PayPal,4,Nein
521,2026-01-21 9:34:30,Oren Spottiswood,Frankfurt,USB-Hub,Zubehör,7,1004.28,Barzahlung,1,Nein
522,2025-08-04 1:03:48,Lotta Trayhorn,Frankfurt,Laptop,Zubehör,9,197.91,Barzahlung,1,Nein
523,2026-03-21 12:43:28,Cecil Gentreau,Hamburg,Webcam,Electronics,8,750.98,PayPal,1,Ja
524,2026-04-17 15:45:33,Aurilia Mastrantone,Düsseldorf,Webcam,Electronics,6,552.59,Banküberweisung,1,Nein
525,2026-01-21 6:57:46,Vince Hoble,Hamburg,Maus,Zubehör,8,845.06,Barzahlung,1,Ja
526,2025-12-12 16:13:59,Euell Tapply,Frankfurt,Kopfhörer,Zubehör,6,410.42,Banküberweisung,2,Ja
527,2025-09-02 22:25:38,Sioux Sindle,Stuttgart,Monitor,Electronics,4,72.1,Banküberweisung,2,Nein
528,2025-06-16 18:05:49,Torr Tander,Hamburg,Laptop,Zubehör,10,1171.62,Barzahlung,4,Nein
529,2025-09-14 1:36:14,Tobias Posnette,München,Webcam,Electronics,6,474.98,Kreditkarte,4,Nein
530,2025-08-10 6:15:05,Harwilll Falls,Stuttgart,Webcam,Electronics,4,114.48,Banküberweisung,2,Nein
531,2026-01-06 18:33:17,Immanuel Doumer,Frankfurt,Tastatur,Zubehör,4,345.67,Barzahlung,2,Nein
532,2026-02-02 14:58:53,Allene Catonne,Frankfurt,USB-Hub,Electronics,7,97.41,Banküberweisung,1,Nein
533,2026-05-10 2:13:03,Berkley Core,Stuttgart,Kopfhörer,Zubehör,8,1127.05,Banküberweisung,5,Nein
534,2026-04-16 6:19:18,Micheal Farahar,Frankfurt,Monitor,Electronics,9,869.29,PayPal,1,Nein
535,2025-08-15 16:31:09,Simonette Moxted,Stuttgart,Smartphone,Zubehör,5,968.25,PayPal,2,Nein
536,2025-07-10 1:52:52,Dee Bartunek,Köln,Laptop,Zubehör,3,133.63,Barzahlung,4,Nein
537,2026-01-23 6:11:35,Reina Mordon,Stuttgart,Laptop,Electronics,4,941.49,Banküberweisung,5,Nein
538,2025-08-21 9:58:55,Dee Grealish,Leipzig,Laptop,Electronics,10,1181.28,Kreditkarte,5,Nein
539,2025-09-07 9:53:09,Virgie Born,Stuttgart,Kopfhörer,Zubehör,2,791.99,Kreditkarte,1,Nein
540,2026-02-14 17:51:19,Hamilton Lattimore,Frankfurt,Laptop,Zubehör,3,77.4,Barzahlung,4,Nein
541,2025-09-17 17:04:11,Danice Craigg,Köln,Tastatur,Electronics,9,439.07,Barzahlung,5,Nein
542,2025-06-29 9:05:44,Britta Beston,Frankfurt,Laptop,Zubehör,4,674.52,Kreditkarte,1,Nein
543,2025-12-09 3:51:48,Helli Burdge,Berlin,Tastatur,Electronics,8,323.28,Kreditkarte,3,Nein
544,2025-06-06 17:04:21,Gerhard Ondrasek,Berlin,Smartphone,Zubehör,1,495.42,PayPal,1,Nein
545,2026-03-12 8:52:22,Meir Metschke,Düsseldorf,Webcam,Zubehör,2,1195.46,Banküberweisung,2,Nein
546,2025-07-10 13:34:42,Jocko Aymes,Köln,Kopfhörer,Zubehör,9,373,Barzahlung,5,Nein
547,2025-10-06 19:17:27,Mitch Carine,Stuttgart,Tastatur,Zubehör,9,280.47,PayPal,4,Nein
548,2026-02-07 0:08:13,Orton Attride,Hamburg,USB-Hub,Electronics,5,556.62,Barzahlung,5,Nein
549,2026-01-10 23:28:19,Erin Elvish,Hamburg,Smartphone,Electronics,10,718.54,Banküberweisung,1,Nein
550,2026-05-23 23:45:30,Jessamyn Duran,Frankfurt,Laptop,Electronics,7,125.28,Barzahlung,1,Nein
551,2025-10-22 2:23:44,Gasper Blaik,Hamburg,Webcam,Electronics,9,403.18,PayPal,4,Nein
552,2025-09-28 13:56:41,Crista Pavluk,Berlin,Laptop,Zubehör,8,1199.19,Banküberweisung,1,Nein
553,2025-10-25 3:54:02,Stillman Morter,Stuttgart,USB-Hub,Zubehör,3,1088.45,Kreditkarte,5,Ja
554,2025-09-09 4:44:03,Korey Gianilli,Hamburg,Monitor,Electronics,10,1138.34,Barzahlung,3,Ja
555,2025-10-23 22:21:36,Claudette Bagnall,Hamburg,Monitor,Electronics,4,159.08,Barzahlung,4,Nein
556,2026-02-23 4:35:49,Robinet Brookwell,Berlin,Webcam,Zubehör,3,339.07,Kreditkarte,1,Nein
557,2025-08-24 3:15:51,Brittni Salzen,Düsseldorf,Webcam,Electronics,4,924.44,Barzahlung,2,Nein
558,2026-03-24 11:18:10,Cheston Learie,Hamburg,USB-Hub,Electronics,8,1075.35,PayPal,2,Nein
559,2025-07-27 3:14:35,Jess Escoffier,Leipzig,Kopfhörer,Zubehör,7,564.11,Kreditkarte,4,Nein
560,2025-08-02 15:44:52,Grazia Skully,München,USB-Hub,Zubehör,1,617.1,Barzahlung,5,Nein
561,2026-03-01 2:46:54,Ethel Really,Köln,Tastatur,Electronics,5,250.17,Barzahlung,2,Nein
562,2025-11-02 15:04:41,Gene Di Maria,Leipzig,USB-Hub,Zubehör,3,264.87,Kreditkarte,2,Nein
563,2025-09-19 8:07:06,Brynn Stannas,Köln,Kopfhörer,Zubehör,4,1065.21,Barzahlung,4,Nein
564,2026-05-13 21:22:39,Gusty Loughhead,München,Webcam,Electronics,3,402.19,Barzahlung,4,Nein
565,2026-01-13 2:38:59,Patrica Ludman,Stuttgart,Kopfhörer,Zubehör,2,565.62,PayPal,1,Nein
566,2026-04-23 14:11:59,Loutitia Ivanyukov,München,Maus,Zubehör,3,1050.09,Barzahlung,2,Nein
567,2025-07-10 16:41:20,Clem Kenney,Stuttgart,Monitor,Zubehör,9,83.58,Barzahlung,4,Nein
568,2025-11-30 6:20:03,Titus Caulket,Berlin,Webcam,Electronics,1,1160.02,Kreditkarte,4,Nein
569,2025-08-03 16:35:17,Jan Ancliffe,Düsseldorf,Monitor,Electronics,10,552.15,Banküberweisung,3,Nein
570,2026-01-06 23:29:26,Nicki Hartas,München,USB-Hub,Zubehör,7,684.44,PayPal,2,Ja
571,2025-12-26 3:20:46,L;urette Cadogan,Frankfurt,Tastatur,Zubehör,8,424.2,PayPal,2,Nein
572,2025-07-04 13:24:30,Ysabel Clapham,Berlin,Maus,Zubehör,10,1117.08,Barzahlung,5,Nein
573,2026-04-05 14:30:04,Aurora Chomley,Frankfurt,Monitor,Electronics,5,434.41,Banküberweisung,4,Ja
574,2026-05-12 14:10:09,Briana Jeannenet,München,Tastatur,Zubehör,3,715.38,PayPal,5,Nein
575,2026-04-25 13:57:10,Garik Rewcassell,Köln,Maus,Zubehör,8,778.63,PayPal,3,Nein
576,2026-01-28 1:07:08,Dalis Hamner,Hamburg,Kopfhörer,Zubehör,6,758.91,Kreditkarte,4,Nein
577,2025-08-21 0:50:20,Herculie Cairns,Düsseldorf,Tastatur,Zubehör,9,472.23,Banküberweisung,4,Nein
578,2026-05-17 3:40:34,Kath Crut,München,Monitor,Zubehör,4,139.61,Kreditkarte,2,Ja
579,2026-02-27 0:09:52,Davina McGhie,Düsseldorf,Webcam,Electronics,2,752.17,Barzahlung,5,Ja
580,2025-11-19 23:57:37,Ferdie Joubert,Düsseldorf,USB-Hub,Zubehör,1,1024.51,PayPal,1,Nein
581,2026-03-26 10:43:19,Hadleigh Durdle,Frankfurt,Laptop,Electronics,7,288.73,Kreditkarte,5,Nein
582,2025-07-26 19:17:24,Steward Neighbour,Berlin,Laptop,Electronics,1,751.19,Banküberweisung,4,Nein
583,2025-09-04 2:09:56,Kyle Pennrington,München,Maus,Electronics,3,913.88,PayPal,1,Nein
584,2025-06-13 13:47:56,Marietta Filyukov,Düsseldorf,Monitor,Electronics,4,1101.73,PayPal,1,Nein
585,2025-08-02 6:54:35,Falito Labba,Berlin,Kopfhörer,Zubehör,3,1105.01,Kreditkarte,5,Nein
586,2025-11-05 18:30:36,Rora Lensch,München,Webcam,Zubehör,10,1124.57,Banküberweisung,1,Ja
587,2025-08-06 22:16:33,Mavis Strothers,Köln,USB-Hub,Zubehör,7,270.67,Kreditkarte,1,Nein
588,2026-02-10 6:29:47,Clarine Arkcoll,Stuttgart,Laptop,Zubehör,2,552.65,Kreditkarte,3,Nein
589,2025-09-18 6:35:27,Morgun MacMeanma,Stuttgart,Laptop,Zubehör,8,711.63,Kreditkarte,3,Nein
590,2026-05-10 9:14:02,Giffy Bartley,München,Laptop,Electronics,7,738.79,Banküberweisung,1,Nein
591,2025-12-26 18:16:34,Wylie Fernley,Berlin,Monitor,Zubehör,4,687.26,PayPal,3,Nein
592,2025-11-05 9:34:37,Raynard Collerd,Berlin,Kopfhörer,Electronics,4,542.44,Banküberweisung,3,Nein
593,2026-03-26 6:53:19,Lefty Dunridge,Frankfurt,Maus,Electronics,1,76.87,PayPal,1,Nein
594,2026-03-08 16:22:02,Catherine Charnock,Stuttgart,Maus,Electronics,1,790.83,Barzahlung,5,Nein
595,2025-07-07 11:44:24,Hilary Rustich,Leipzig,Smartphone,Zubehör,10,820.19,Barzahlung,5,Nein
596,2026-04-11 21:50:12,Dalis Featherstone,Berlin,Kopfhörer,Electronics,10,700.4,Barzahlung,2,Nein
597,2026-04-11 4:57:57,Lorraine Becaris,Stuttgart,Kopfhörer,Zubehör,5,852.27,Banküberweisung,5,Nein
598,2026-05-17 5:02:16,Leila Royson,Köln,Monitor,Electronics,9,835.67,Banküberweisung,1,Nein
599,2025-12-24 21:12:55,Bobbie Bartholomaus,München,USB-Hub,Zubehör,5,1091.24,Barzahlung,3,Nein
600,2025-10-11 13:34:57,Washington Joseph,Stuttgart,Maus,Zubehör,5,368.67,Barzahlung,5,Ja
601,2025-09-27 13:56:26,Clywd Blunsum,Düsseldorf,USB-Hub,Electronics,9,394.05,Barzahlung,1,Nein
602,2026-05-02 16:26:04,Shamus Doidge,Berlin,USB-Hub,Zubehör,9,74.2,Barzahlung,3,Ja
603,2025-07-05 6:53:59,Vaughan Renneke,Stuttgart,Monitor,Zubehör,4,241.63,Barzahlung,5,Nein
604,2025-11-28 15:22:31,Drusie Circuitt,Stuttgart,USB-Hub,Electronics,4,1148.23,Kreditkarte,4,Nein
605,2026-01-15 18:35:49,Ailbert Duhig,Hamburg,Laptop,Zubehör,3,1052.28,PayPal,3,Nein
606,2025-08-19 20:29:59,Derwin Bleakman,Frankfurt,Smartphone,Electronics,9,719.71,PayPal,1,Nein
607,2026-01-05 13:05:00,Keriann Ferronier,Leipzig,Monitor,Electronics,9,68.4,Kreditkarte,5,Ja
608,2025-08-14 4:57:51,Chuck Ruddock,Düsseldorf,Laptop,Electronics,1,592.21,Barzahlung,5,Ja
609,2025-10-31 5:36:35,Moira Mort,Frankfurt,Smartphone,Electronics,2,86.22,PayPal,1,Nein
610,2026-01-16 7:03:45,Aldo Karpenya,München,Smartphone,Electronics,9,459.52,PayPal,1,Nein
611,2025-06-25 2:53:46,Emmit Fowells,Berlin,Monitor,Electronics,2,1122.31,Barzahlung,5,Nein
612,2026-04-09 11:06:51,Jeramie Fillery,Berlin,Smartphone,Zubehör,1,1098.77,Barzahlung,2,Nein
613,2025-12-29 1:11:43,Amelia Bradder,Berlin,Monitor,Electronics,6,1198.72,Barzahlung,5,Nein
614,2025-07-19 6:49:09,Nicki Petrelli,Düsseldorf,Smartphone,Electronics,5,804.78,Banküberweisung,1,Ja
615,2025-08-24 22:44:20,Edan Eckley,Köln,Tastatur,Electronics,8,856.31,Kreditkarte,2,Ja
616,2026-02-13 10:48:21,Vicky Blackader,Berlin,Maus,Zubehör,5,616.99,Barzahlung,5,Nein
617,2025-06-16 23:26:43,Kalindi Yakovl,Stuttgart,Laptop,Zubehör,8,147.38,Kreditkarte,3,Nein
618,2025-12-30 19:24:18,Car Moses,Berlin,Monitor,Zubehör,3,176.02,PayPal,3,Ja
619,2026-02-14 17:35:34,Kennett Mounch,Leipzig,Webcam,Zubehör,8,1167.88,Kreditkarte,2,Nein
620,2025-08-20 0:52:06,Ivar Ollive,Düsseldorf,Tastatur,Zubehör,1,696.19,Kreditkarte,3,Nein
621,2026-02-16 18:13:04,Elwin Luxmoore,Düsseldorf,Monitor,Electronics,4,519.05,Kreditkarte,3,Nein
622,2025-08-05 19:29:46,Ennis Whittlesey,Düsseldorf,Webcam,Electronics,6,212.65,Barzahlung,4,Ja
623,2026-03-08 13:21:10,Emanuele Enbury,Hamburg,Monitor,Zubehör,10,107.17,PayPal,2,Ja
624,2026-04-27 22:23:47,Ketti Drover,Hamburg,Tastatur,Zubehör,5,227.69,PayPal,2,Nein
625,2025-11-26 21:35:10,Darleen Castelluzzi,Leipzig,USB-Hub,Zubehör,6,353.54,Banküberweisung,1,Nein
626,2025-12-12 21:09:23,Wini Spaducci,Leipzig,Laptop,Electronics,10,532.3,Banküberweisung,2,Nein
627,2025-09-20 14:23:06,Hewett Pimblotte,Köln,Smartphone,Electronics,1,817.02,Barzahlung,3,Nein
628,2026-05-17 6:18:29,Bordie Kester,Düsseldorf,Maus,Electronics,4,408.47,Banküberweisung,5,Nein
629,2026-02-22 23:27:54,Gale Boliver,Berlin,Smartphone,Zubehör,9,514.3,Banküberweisung,1,Nein
630,2025-10-11 21:42:38,Haily Larive,Hamburg,Laptop,Electronics,2,669.98,PayPal,2,Nein
631,2026-05-14 15:13:09,Carmelia Adam,Hamburg,Maus,Electronics,1,1145.19,PayPal,2,Nein
632,2025-06-24 10:40:20,Fin Habden,Köln,Maus,Zubehör,10,671.56,Kreditkarte,2,Nein
633,2026-01-27 0:57:39,Anatollo Tomalin,Hamburg,Kopfhörer,Electronics,4,1038.89,Barzahlung,4,Nein
634,2026-03-10 15:57:05,Donia Chawner,München,Monitor,Zubehör,7,49.79,Banküberweisung,2,Nein
635,2026-04-04 13:32:24,Oralla Mustoo,Frankfurt,Monitor,Zubehör,9,488.13,Kreditkarte,2,Nein
636,2025-08-27 12:01:52,Chev Fookes,Berlin,Kopfhörer,Zubehör,10,733.94,Banküberweisung,3,Nein
637,2025-10-14 20:05:31,Ingeberg Judkin,Stuttgart,Laptop,Electronics,10,1086.05,Kreditkarte,3,Ja
638,2026-01-15 3:45:26,Ferguson Barnby,Frankfurt,Smartphone,Electronics,8,183.19,Banküberweisung,1,Nein
639,2025-10-23 15:26:04,Porty Sherlock,Düsseldorf,USB-Hub,Zubehör,4,1184.1,Kreditkarte,3,Nein
640,2026-03-07 15:29:39,Elvina Byrne,Köln,Webcam,Electronics,2,383.22,Kreditkarte,2,Nein
641,2025-08-04 12:03:28,Clement Balme,Berlin,USB-Hub,Electronics,4,1106.57,Kreditkarte,4,Ja
642,2025-12-29 8:05:03,Judye Gounot,Berlin,Smartphone,Electronics,3,751.88,Kreditkarte,2,Nein
643,2025-10-27 3:51:37,Emmerich Olford,Düsseldorf,USB-Hub,Zubehör,8,414.49,Banküberweisung,2,Ja
644,2025-12-03 4:34:53,Erwin Rosenblath,Berlin,USB-Hub,Zubehör,4,1035.44,Banküberweisung,2,Nein
645,2025-07-25 8:52:00,Job Greatrakes,Stuttgart,Maus,Zubehör,2,1072.84,Banküberweisung,2,Nein
646,2026-05-14 6:55:52,Jeremy Reinger,Düsseldorf,Laptop,Zubehör,5,35.91,Barzahlung,5,Ja
647,2025-12-18 8:20:04,Aubrie Guiu,Berlin,USB-Hub,Zubehör,7,375.91,Barzahlung,2,Nein
648,2025-07-14 5:03:17,Krishna Gobbet,München,Webcam,Zubehör,7,554.38,PayPal,1,Nein
649,2026-03-20 18:53:10,Francois Collens,Berlin,USB-Hub,Electronics,3,91.2,Barzahlung,1,Ja
650,2026-03-29 18:54:49,Ode Tutsell,Hamburg,Smartphone,Electronics,8,46.5,Banküberweisung,1,Nein
651,2025-08-31 2:11:45,Kristos Hens,Köln,Monitor,Zubehör,4,1121.03,Kreditkarte,3,Nein
652,2025-10-01 21:58:59,Matthus McCready,Köln,Monitor,Electronics,5,197.97,Kreditkarte,5,Nein
653,2025-07-11 4:43:49,Moss Middlewick,Leipzig,Maus,Zubehör,10,1186.04,Barzahlung,5,Ja
654,2026-05-06 4:10:03,Roy Beacham,Düsseldorf,Maus,Zubehör,2,611.99,Banküberweisung,4,Nein
655,2025-09-06 5:28:41,Idalina Le Maitre,Hamburg,Maus,Electronics,6,589.55,PayPal,4,Ja
656,2026-04-22 1:57:52,Brittan Ambrogini,Stuttgart,Smartphone,Zubehör,3,240.2,Kreditkarte,3,Nein
657,2025-06-07 14:11:00,Eldredge Koch,Hamburg,Maus,Electronics,3,550.14,PayPal,2,Nein
658,2025-11-07 13:30:06,Rochette Rehorek,Düsseldorf,Monitor,Electronics,8,235.2,Barzahlung,3,Nein
659,2026-03-31 20:49:45,Penny Clemenson,Köln,USB-Hub,Zubehör,3,744.61,PayPal,3,Nein
660,2026-01-27 0:13:54,Eliza Dewdney,Hamburg,Laptop,Zubehör,2,637.18,Barzahlung,3,Nein
661,2025-08-06 16:42:21,Claudina Mayell,Berlin,Kopfhörer,Electronics,9,17.43,Kreditkarte,3,Nein
662,2025-09-01 1:16:45,Everett Chinnick,Berlin,Smartphone,Electronics,10,806.73,PayPal,1,Nein
663,2026-02-09 8:24:05,Kevon Keniwell,Leipzig,Laptop,Electronics,1,895.21,Kreditkarte,2,Nein
664,2025-09-29 5:05:51,Tamqrah Deplacido,Stuttgart,Monitor,Zubehör,2,200.03,Kreditkarte,4,Ja
665,1899-01-01 1:01:01,Nora Hiddersley,Frankfurt,USB-Hub,Electronics,3,818.2,PayPal,3,Nein
666,2025-12-09 15:43:59,Caren Ronaldson,Berlin,Monitor,Electronics,9,174.69,Kreditkarte,4,Nein
667,2026-05-18 0:01:15,Madeleine Heinzel,Düsseldorf,Tastatur,Zubehör,6,572.43,Barzahlung,2,Nein
668,2026-03-06 0:09:17,Hilde Viall,Köln,Smartphone,Electronics,5,857.41,Barzahlung,4,Nein
669,2025-12-12 8:41:46,Dotty Heaford,München,Smartphone,Electronics,1,451.9,Barzahlung,4,Nein
670,2025-10-31 4:53:48,Goldina Barrack,Berlin,Laptop,Electronics,9,777.56,PayPal,2,Nein
671,2026-03-21 8:04:27,Venita Pirdue,Berlin,Kopfhörer,Zubehör,2,835.95,Banküberweisung,4,Ja
672,2025-07-29 19:17:11,Twila Franca,Stuttgart,Laptop,Zubehör,10,1116.86,PayPal,5,Nein
673,2025-12-31 16:24:34,Justinian Langlais,Stuttgart,Tastatur,Zubehör,8,485.95,PayPal,1,Nein
674,2026-04-27 9:02:33,Sergent Zink,Hamburg,Webcam,Zubehör,9,960.95,Banküberweisung,3,Nein
675,2025-06-10 16:53:58,Penelope Shute,Stuttgart,USB-Hub,Electronics,8,499.29,Banküberweisung,1,Nein
676,2025-08-29 8:16:38,Anthe Leverton,Köln,Laptop,Electronics,9,240.61,Kreditkarte,5,Nein
677,2026-03-10 12:05:21,Iorgos Forri,Berlin,Maus,Electronics,9,943.69,Kreditkarte,1,Nein
678,2026-05-11 22:39:37,Coriss Taggerty,Frankfurt,Laptop,Zubehör,7,68.41,Kreditkarte,4,Ja
679,2025-10-01 14:57:00,Verine Sherrum,Düsseldorf,Tastatur,Electronics,5,958.94,PayPal,1,Nein
680,2026-05-20 0:52:23,Darell Zum Felde,München,Maus,Zubehör,3,773.05,Barzahlung,2,Nein
681,2025-08-31 16:21:11,Sven Geist,Stuttgart,Monitor,Zubehör,3,704.54,Barzahlung,5,Nein
682,2025-11-08 11:38:38,Sherye Stanning,Köln,Monitor,Electronics,2,482.49,Kreditkarte,2,Ja
683,2026-05-30 5:07:40,Lorna Sumner,Frankfurt,Kopfhörer,Electronics,3,1095.74,Banküberweisung,3,Nein
684,2026-05-09 21:15:27,Vachel Courtonne,Düsseldorf,Maus,Zubehör,9,94.63,Kreditkarte,4,Nein
685,2026-03-09 19:37:19,Killy Wrenn,Berlin,Smartphone,Electronics,10,904.86,Banküberweisung,5,Ja
686,2025-07-19 4:47:36,Verna Shanks,Hamburg,Laptop,Electronics,6,538.74,Kreditkarte,3,Nein
687,2025-10-16 21:21:29,Ulrich Possek,Köln,USB-Hub,Electronics,8,16.87,Kreditkarte,1,Nein
688,2026-02-07 15:16:08,Evey Razzell,Köln,Monitor,Zubehör,6,129.22,Kreditkarte,4,Nein
689,2025-08-10 7:57:46,Brina Pinch,Stuttgart,Tastatur,Zubehör,7,321.15,PayPal,4,Ja
690,2026-03-29 4:09:42,Madella Doale,Köln,Monitor,Electronics,3,828.85,Barzahlung,2,Nein
691,2025-09-09 3:38:50,Zia Vida,Düsseldorf,Webcam,Zubehör,6,810.45,Banküberweisung,1,Nein
692,2025-07-20 7:14:02,Boyce Khomich,Leipzig,Smartphone,Electronics,4,883.18,Barzahlung,2,Ja
693,2025-10-08 0:14:05,Griff Cheine,Stuttgart,Smartphone,Zubehör,7,912.59,Kreditkarte,3,Nein
694,2025-10-14 20:36:03,Stephannie Dalling,Köln,Monitor,Zubehör,5,773.74,Banküberweisung,3,Nein
695,2025-07-28 21:36:42,Lay Avramovic,Leipzig,Kopfhörer,Electronics,6,43.05,Banküberweisung,1,Nein
696,2025-12-24 12:28:08,Suki Instrell,Berlin,Webcam,Zubehör,7,465.3,Banküberweisung,4,Ja
697,2025-12-04 14:40:01,Drusie Bjerkan,Frankfurt,Maus,Electronics,10,327.69,Banküberweisung,2,Nein
698,2025-06-09 14:30:34,Caitlin Deplacido,Stuttgart,Webcam,Electronics,4,643.73,Barzahlung,1,Nein
699,2025-10-14 23:13:59,Ezmeralda Dumblton,Stuttgart,Kopfhörer,Electronics,3,254.12,PayPal,4,Nein
700,2025-06-17 11:32:27,Lev Rohmer,Köln,Webcam,Electronics,3,896.44,Barzahlung,5,Nein
701,2025-11-02 14:15:47,Kahaleel Chidley,Hamburg,Kopfhörer,Electronics,10,1183.64,Kreditkarte,4,Nein
702,2026-02-04 21:27:09,Zared Van Arsdale,Köln,Kopfhörer,Zubehör,8,1161.63,PayPal,2,Nein
703,2026-03-09 14:25:58,Stanwood Brobyn,München,USB-Hub,Zubehör,6,965.66,PayPal,5,Nein
704,2025-11-16 9:55:18,Rebekah Sawood,Frankfurt,Laptop,Zubehör,1,403.14,PayPal,5,Nein
705,2026-05-31 0:02:54,Deeanne Probbing,Frankfurt,Smartphone,Electronics,4,991.17,Banküberweisung,3,Nein
706,2026-01-05 11:58:09,Bryn Babington,Berlin,USB-Hub,Zubehör,4,638.31,Barzahlung,4,Nein
707,2026-06-02 16:42:31,Chevalier Sutliff,Berlin,Laptop,Zubehör,2,707.2,PayPal,1,Nein
708,2026-05-09 15:57:33,Dalton Fake,Frankfurt,Tastatur,Electronics,6,599.77,Banküberweisung,2,Ja
709,2026-01-16 2:47:48,Bette Walrond,Düsseldorf,Tastatur,Zubehör,6,735.93,PayPal,3,Nein
710,2025-11-01 5:30:29,Estrella Shatford,Frankfurt,Monitor,Zubehör,2,537.4,PayPal,1,Ja
711,2025-11-08 8:13:24,Morse Cudbertson,Stuttgart,Kopfhörer,Electronics,9,395.53,PayPal,4,Nein
712,2025-09-04 20:25:21,Bev Conyers,Frankfurt,Webcam,Zubehör,5,279.67,Barzahlung,2,Ja
713,2026-01-16 5:35:02,Moyra Scimoni,Berlin,Maus,Zubehör,8,400.45,Banküberweisung,3,Ja
714,2025-07-20 2:54:22,Jacinta Farthin,München,Monitor,Electronics,9,820.19,Barzahlung,1,Nein
715,2025-10-31 7:09:11,Georg Grene,München,USB-Hub,Electronics,9,430.88,Banküberweisung,2,Nein
716,2025-11-01 3:55:16,Damian Huntall,Köln,Webcam,Electronics,5,680.42,PayPal,4,Nein
717,2025-12-20 6:57:27,Ethelyn Heinz,Leipzig,Monitor,Zubehör,7,31.74,Kreditkarte,3,Nein
718,2026-04-12 7:02:45,Brynne Offen,Berlin,Smartphone,Zubehör,9,619.78,Banküberweisung,4,Ja
719,2026-01-28 3:59:03,Thomasina Taylerson,Berlin,Tastatur,Electronics,2,285.94,Barzahlung,1,Nein
720,2026-03-31 6:02:53,Darryl Lawrence,Hamburg,Monitor,Zubehör,6,73.91,Kreditkarte,3,Ja
721,2026-02-07 23:49:46,Hallie Helks,München,Maus,Zubehör,2,422.35,Kreditkarte,3,Nein
722,2026-05-01 12:33:53,Ange Marrion,München,Kopfhörer,Electronics,8,42.8,Barzahlung,4,Nein
723,2026-05-22 22:43:57,Carilyn Elgood,Düsseldorf,Monitor,Electronics,3,1080.99,Kreditkarte,2,Nein
724,2025-06-30 20:01:47,Waite Patty,Leipzig,Maus,Electronics,7,923.89,Kreditkarte,2,Nein
725,2026-06-02 11:06:23,Larina Bissell,Stuttgart,Maus,Zubehör,2,138.08,Banküberweisung,1,Nein
726,2025-08-30 20:57:45,Sarine McGenn,Frankfurt,Smartphone,Electronics,2,1007.92,Barzahlung,3,Nein
727,2026-01-03 10:29:56,Chastity Dries,Stuttgart,Webcam,Zubehör,5,205,Banküberweisung,1,Ja
728,2025-09-19 13:44:34,Sheilah Grant,Düsseldorf,Kopfhörer,Electronics,7,650.27,Banküberweisung,1,Nein
729,2026-05-27 23:36:11,Granville Conant,Berlin,Webcam,Zubehör,10,561.4,Kreditkarte,1,Nein
730,2026-05-08 1:15:44,Even Hawkings,Leipzig,Tastatur,Electronics,1,420.32,Banküberweisung,3,Nein
731,2025-11-08 0:48:27,Bryant Sartin,Köln,Webcam,Zubehör,7,257.17,PayPal,5,Nein
732,2026-01-25 23:59:38,Issie Breissan,Berlin,Monitor,Electronics,4,1179.83,Barzahlung,5,Nein
733,2026-05-11 5:30:40,Candis Merkel,Leipzig,Laptop,Zubehör,10,180.62,Barzahlung,5,Nein
734,2026-05-19 15:58:11,Udell Scroggs,Stuttgart,Maus,Zubehör,2,792.13,Barzahlung,3,Nein
735,2026-02-12 18:30:31,Emogene Erik,Berlin,Webcam,Zubehör,2,394.78,Barzahlung,1,Nein
736,2026-05-28 16:11:29,Keelby Sydney,Hamburg,Kopfhörer,Electronics,5,1117.16,Kreditkarte,5,Nein
737,2026-05-24 3:53:04,Bryant Inett,Düsseldorf,Webcam,Electronics,2,221.32,Kreditkarte,1,Nein
738,2026-02-14 2:13:35,Haleigh Redbourn,Frankfurt,Monitor,Zubehör,4,649.22,PayPal,3,Nein
739,2025-09-16 2:42:49,Adam Meddows,Frankfurt,Tastatur,Electronics,3,631.45,PayPal,5,Nein
740,2026-04-28 11:13:04,Justina Sparry,Hamburg,Laptop,Electronics,8,334.3,Barzahlung,3,Nein
741,2025-09-16 16:04:34,Rodina Barhims,Köln,Tastatur,Electronics,4,204.18,Kreditkarte,3,Ja
742,2026-03-31 8:32:15,Mickey De Gouy,Köln,Kopfhörer,Zubehör,9,674.18,PayPal,4,Nein
743,2026-05-27 18:35:04,Anabel Tomisch,Hamburg,USB-Hub,Zubehör,3,783.15,Barzahlung,2,Nein
744,2025-11-14 8:31:48,Shane Hutt,Stuttgart,Webcam,Zubehör,3,63.45,Barzahlung,4,Ja
745,2025-09-09 19:32:45,Liva Wilmore,Düsseldorf,Maus,Electronics,1,1140.81,Kreditkarte,5,Nein
746,2025-11-15 2:03:05,Cissiee Rawes,Leipzig,Kopfhörer,Electronics,5,657.95,Barzahlung,3,Nein
747,2026-02-09 2:49:51,Merrill Wogan,Stuttgart,Kopfhörer,Electronics,5,1058.55,PayPal,3,Nein
748,2025-12-20 12:42:27,Asia Pettecrew,Hamburg,Laptop,Electronics,6,381.42,PayPal,1,Nein
749,2026-01-23 11:59:56,Jorgan Schober,Köln,Webcam,Zubehör,9,924.82,Barzahlung,2,Nein
750,2025-11-23 20:19:11,Christoffer Castelletto,Hamburg,Smartphone,Electronics,8,1144.29,Barzahlung,5,Nein
751,2025-12-02 9:16:41,Norrie Warrillow,Leipzig,Laptop,Zubehör,4,790.38,PayPal,2,Nein
752,2025-12-06 2:35:44,Nicola Kitchingman,Leipzig,Laptop,Zubehör,4,699.59,Banküberweisung,5,Ja
753,2026-03-26 0:32:34,Cassy Fraczak,Berlin,Maus,Electronics,9,835.35,Barzahlung,2,Ja
754,2026-03-02 16:50:53,Ulrick Conklin,Leipzig,Smartphone,Zubehör,8,1008.96,Kreditkarte,2,Nein
755,2025-12-31 5:35:17,Dale Jimmison,Düsseldorf,Tastatur,Zubehör,8,17.64,Banküberweisung,4,Nein
756,2026-03-28 8:10:59,Loralee Farlowe,Hamburg,Maus,Zubehör,1,932.44,Barzahlung,4,Nein
757,2025-06-12 4:26:11,Grenville Baiden,Düsseldorf,Laptop,Zubehör,10,428.95,PayPal,3,Nein
758,2025-07-21 4:13:47,Viva Melsome,Berlin,Kopfhörer,Zubehör,5,112.12,Kreditkarte,4,Nein
759,2025-10-17 21:08:17,Averill Lambrick,Hamburg,Monitor,Zubehör,3,730.97,PayPal,5,Nein
760,2026-03-29 5:05:50,Bealle Condit,München,Maus,Zubehör,1,236.34,PayPal,3,Nein
761,2026-05-14 19:34:24,Caitlin Kempson,Leipzig,Tastatur,Zubehör,8,505.7,Kreditkarte,2,Ja
762,2025-10-21 16:23:04,Randolf Roscamp,Frankfurt,Laptop,Zubehör,4,792.95,Barzahlung,1,Nein
763,2025-09-13 1:10:35,Dion Tomaszek,München,Monitor,Electronics,5,41.01,Kreditkarte,2,Nein
764,2025-07-17 16:18:28,Worth Pancoast,Hamburg,Laptop,Zubehör,1,312.7,Kreditkarte,3,Nein
765,2025-11-12 6:27:59,Zuzana Misselbrook,Frankfurt,Maus,Zubehör,6,129.66,Banküberweisung,4,Nein
766,2026-01-02 5:27:16,Homer Gibard,München,Webcam,Zubehör,5,734.55,Barzahlung,3,Nein
767,2025-11-27 16:50:12,Kennan Lidington,Stuttgart,USB-Hub,Electronics,9,1052.84,Kreditkarte,2,Ja
768,2025-06-14 12:50:20,Carrol Coulter,München,Tastatur,Zubehör,8,197.82,PayPal,4,Nein
769,2026-02-21 6:45:51,Basil Veldens,Berlin,Monitor,Electronics,3,173.48,Kreditkarte,4,Ja
770,2025-07-14 19:27:54,Wrennie Gander,Köln,USB-Hub,Electronics,1,359.05,Barzahlung,5,Ja
771,2025-10-05 22:52:24,Paddie Siaskowski,Berlin,Monitor,Zubehör,10,537.67,Banküberweisung,1,Nein
772,2026-04-10 3:36:57,Kristian Sharrier,Leipzig,USB-Hub,Electronics,2,155.98,Banküberweisung,4,Nein
773,2025-12-17 21:56:08,Kenon Serrell,Leipzig,Kopfhörer,Zubehör,2,799.53,PayPal,2,Nein
774,2026-01-10 1:06:51,Barbie Pescott,Düsseldorf,Kopfhörer,Zubehör,1,858.19,Barzahlung,1,Nein
775,2025-10-13 4:11:15,Napoleon Oldam,Stuttgart,Webcam,Electronics,2,799.09,Kreditkarte,1,Nein
776,2025-07-15 10:47:43,Saidee Deschelle,Stuttgart,Monitor,Electronics,8,562.5,Barzahlung,5,Nein
777,2025-12-20 15:02:54,Prinz Prosh,Hamburg,Kopfhörer,Electronics,10,69.28,Barzahlung,3,Nein
778,2026-03-08 14:20:30,Wendeline Frift,Leipzig,Laptop,Electronics,6,894.43,Barzahlung,5,Nein
779,2025-11-22 10:35:13,Jim Clapison,Düsseldorf,USB-Hub,Electronics,9,854.07,Barzahlung,2,Nein
780,2026-01-21 5:19:16,Alfonse Cadman,Köln,Smartphone,Electronics,2,105.51,Banküberweisung,4,Nein
781,2025-09-17 9:41:26,Auberta Dundredge,Leipzig,Monitor,Zubehör,1,107.23,Kreditkarte,4,Nein
782,2026-03-05 2:39:09,Erastus Tindley,München,Laptop,Zubehör,7,266.34,Kreditkarte,4,Nein
783,2025-11-10 8:29:30,Lise Derks,Köln,Tastatur,Zubehör,8,771.1,Kreditkarte,2,Nein
784,2026-01-21 17:40:39,Milty Machen,Köln,Smartphone,Electronics,8,696.99,Banküberweisung,2,Ja
785,2026-02-14 23:21:28,Ursulina Wint,Leipzig,Kopfhörer,Zubehör,7,222.39,Kreditkarte,3,Ja
786,2025-08-06 3:33:38,Annabal Empleton,Leipzig,Monitor,Electronics,5,894.25,Banküberweisung,5,Nein
787,2026-02-22 16:56:12,Annora Sergeaunt,Köln,Monitor,Electronics,9,358.09,Kreditkarte,5,Ja
788,2026-03-15 9:16:49,Reyna Banville,Düsseldorf,Tastatur,Electronics,2,231.99,Kreditkarte,2,Nein
789,2025-06-17 17:37:25,Nesta Mogford,Frankfurt,Webcam,Zubehör,8,944.83,PayPal,2,Nein
790,2026-04-17 4:24:15,Terrel Gorcke,Hamburg,Kopfhörer,Zubehör,5,445.15,PayPal,4,Nein
791,2025-07-25 12:00:33,Berky Sarjant,Berlin,Smartphone,Zubehör,3,993.71,Kreditkarte,4,Nein
792,2025-11-23 22:06:40,Griffin Duffus,Leipzig,Maus,Zubehör,3,647.52,PayPal,1,Nein
793,2025-07-26 19:31:13,Koralle Parton,Stuttgart,Webcam,Zubehör,3,776.84,Banküberweisung,4,Nein
794,2026-05-23 21:55:45,Anthe Vanichev,Berlin,Tastatur,Zubehör,7,1006.64,Barzahlung,2,Nein
795,2026-04-15 17:50:13,Huberto Longea,Düsseldorf,Tastatur,Zubehör,7,436.11,Kreditkarte,1,Nein
796,2025-07-30 18:43:01,Reiko Empson,Leipzig,Monitor,Electronics,5,193.47,Banküberweisung,4,Nein
797,2025-12-13 23:44:40,Cam Kilshaw,Leipzig,Webcam,Electronics,6,1174.31,Barzahlung,5,Nein
798,2025-12-29 14:03:09,Poppy Pariso,Stuttgart,Maus,Zubehör,4,793.65,Kreditkarte,2,Nein
799,2026-03-13 6:48:42,Dorene Heskey,Stuttgart,Kopfhörer,Electronics,9,575.39,Kreditkarte,2,Nein
800,2025-10-07 12:41:40,Riane Hoodlass,Leipzig,Tastatur,Electronics,2,299.28,Kreditkarte,1,Nein
801,2026-03-23 12:44:22,Charmian Rijkeseis,Düsseldorf,Kopfhörer,Electronics,8,33.52,Kreditkarte,4,Nein
802,2026-05-11 15:07:47,Homere Bonnick,Berlin,USB-Hub,Electronics,2,400.88,Kreditkarte,2,Nein
803,2026-01-14 21:06:48,Elvina Caygill,Stuttgart,Kopfhörer,Zubehör,1,497.36,Kreditkarte,5,Nein
804,2025-09-16 6:21:43,Welby Mancell,Düsseldorf,Maus,Zubehör,7,1010.48,Kreditkarte,2,Ja
805,2025-09-02 22:53:24,Karlens Westraw,Stuttgart,Tastatur,Zubehör,2,953.9,Barzahlung,1,Nein
806,2025-07-17 6:37:03,Parsifal Lowrance,Frankfurt,Smartphone,Electronics,10,191.73,PayPal,4,Nein
807,2026-03-29 4:45:39,Fiona Muggleton,München,Smartphone,Electronics,3,236.27,Barzahlung,5,Nein
808,2025-11-23 10:29:52,Latashia Wiles,Stuttgart,Kopfhörer,Electronics,1,1118.05,PayPal,5,Nein
809,2025-12-26 1:04:11,Alice Whistance,München,Maus,Zubehör,10,1058.53,Barzahlung,1,Nein
810,2026-04-13 0:19:23,Wilbert Rolance,Frankfurt,Tastatur,Electronics,3,474.36,Kreditkarte,1,Ja
811,2026-03-25 19:32:27,Matthew Zamorano,Frankfurt,Kopfhörer,Electronics,1,700.69,PayPal,3,Nein
812,2025-12-01 16:02:02,Nobe Seer,München,Laptop,Zubehör,8,52.28,Banküberweisung,5,Ja
813,2025-09-15 17:15:35,Maurene Odams,Köln,Webcam,Electronics,3,1010.27,PayPal,2,Nein
814,2026-01-12 13:31:03,Esmaria Kerans,Köln,Tastatur,Electronics,7,93.02,Barzahlung,4,Nein
815,2026-01-30 22:13:33,Mil Garretts,Hamburg,Kopfhörer,Electronics,9,49.45,Banküberweisung,2,Nein
816,2025-06-05 2:03:45,Marlee Gyngyll,Leipzig,Webcam,Zubehör,3,70.37,Banküberweisung,3,Nein
817,2026-05-15 1:03:21,Flossi Tyne,Düsseldorf,Kopfhörer,Zubehör,1,158.74,PayPal,4,Nein
818,2026-04-29 2:58:22,Elvina Beirne,München,Smartphone,Zubehör,8,969.09,Banküberweisung,5,Nein
819,2026-03-10 9:59:35,Madelyn De La Haye,Stuttgart,USB-Hub,Zubehör,9,1158.42,Kreditkarte,2,Nein
820,2026-03-18 4:46:43,Dorice Broderick,Hamburg,Tastatur,Electronics,9,579.48,Barzahlung,3,Nein
821,2025-11-27 17:38:57,Olimpia Geely,Köln,Monitor,Zubehör,8,559.25,Banküberweisung,4,Nein
822,2025-10-12 11:56:43,Faber Gaymer,Düsseldorf,Monitor,Electronics,6,880.68,Kreditkarte,2,Ja
823,2025-09-08 7:19:58,Arnie Knobell,Berlin,Smartphone,Zubehör,9,195.23,Barzahlung,1,Nein
824,2025-06-06 5:12:49,Reyna Messiter,Hamburg,Maus,Electronics,2,414.22,PayPal,4,Nein
825,2025-12-22 7:55:58,Colman Munkton,Leipzig,Kopfhörer,Zubehör,6,104.12,Barzahlung,4,Nein
826,2025-07-30 0:50:46,Niel Muscott,Düsseldorf,Laptop,Electronics,10,280.6,Banküberweisung,3,Ja
827,2025-12-14 9:43:53,Mireille Densie,Köln,Monitor,Electronics,4,778.51,PayPal,1,Nein
828,2025-10-22 8:22:12,Hubey Quilkin,Hamburg,USB-Hub,Electronics,4,28.19,Kreditkarte,5,Nein
829,2026-05-09 3:45:09,Ricard Titchen,München,Maus,Electronics,8,528.54,PayPal,2,Ja
830,2025-07-07 19:12:29,Kelcey Johnsee,Hamburg,Monitor,Zubehör,2,952.22,Banküberweisung,5,Nein
831,2026-05-04 3:46:02,Brendis Raitie,Frankfurt,Kopfhörer,Electronics,8,1147.9,Kreditkarte,3,Nein
832,2025-11-04 18:37:08,Alaine Oury,Berlin,Tastatur,Electronics,3,219.81,Kreditkarte,3,Nein
833,2025-12-23 16:44:25,Friedrich Masi,Köln,USB-Hub,Electronics,5,1052.28,Kreditkarte,3,Ja
834,2025-10-30 20:33:06,Gilbertine Sambiedge,Hamburg,Smartphone,Zubehör,9,536.35,Banküberweisung,1,Ja
835,2025-10-21 3:02:12,Ardene Esseby,Frankfurt,Webcam,Zubehör,6,731.65,PayPal,2,Nein
836,2025-08-18 1:05:30,Onida Binny,Stuttgart,Tastatur,Zubehör,4,1038.26,Barzahlung,1,Nein
837,2025-11-08 14:35:02,Jade Dawson,Berlin,Monitor,Electronics,3,171.59,PayPal,4,Nein
838,2026-03-01 23:19:29,Tad Bougen,Frankfurt,Monitor,Electronics,8,156.83,Kreditkarte,2,Nein
839,2026-03-31 21:54:48,Myer Jarrard,München,Kopfhörer,Zubehör,6,69.74,Banküberweisung,4,Nein
840,2025-09-06 17:48:10,Mitchel Schlag,Düsseldorf,Tastatur,Zubehör,7,1072.98,PayPal,4,Nein
841,2026-05-29 22:10:02,Alfy Powland,Leipzig,Maus,Zubehör,1,99.24,Kreditkarte,4,Nein
842,2025-09-02 1:15:23,Ivory Vanichev,Hamburg,USB-Hub,Electronics,10,459.52,Banküberweisung,2,Nein
843,2025-12-17 4:19:31,Pearce Dunstall,Düsseldorf,Tastatur,Electronics,10,1122.39,PayPal,3,Nein
844,2026-03-02 23:13:56,Marney Ovanesian,Hamburg,Maus,Zubehör,7,835.65,Kreditkarte,3,Nein
845,2026-02-13 10:25:08,Ivett Giddings,Leipzig,Maus,Zubehör,5,119.31,Barzahlung,5,Nein
846,2026-05-13 4:25:09,Hiram Cahn,München,Smartphone,Zubehör,5,267.37,Banküberweisung,5,Nein
847,2025-08-26 0:46:39,Delmar Golson,Köln,Tastatur,Zubehör,8,645.5,PayPal,2,Nein
848,2025-11-28 17:46:12,Rainer Millsap,Berlin,Kopfhörer,Zubehör,8,706.08,Barzahlung,3,Nein
849,2025-06-16 0:40:07,Winny Buxcey,Hamburg,Tastatur,Electronics,10,53.28,Banküberweisung,2,Ja
850,2026-02-20 17:29:48,Yehudi Isacq,Berlin,USB-Hub,Electronics,7,1119.54,Banküberweisung,2,Nein
851,2025-07-14 1:23:18,Alison Anlay,Hamburg,Smartphone,Electronics,2,372.21,Barzahlung,3,Ja
852,2025-11-16 20:09:45,Gwyneth Spellman,Frankfurt,Monitor,Electronics,8,1118.34,Banküberweisung,3,Nein
853,2026-03-24 7:42:52,Jone Leckey,Frankfurt,Laptop,Zubehör,4,122.6,Barzahlung,2,Nein
854,2026-01-19 11:22:40,Brenden Warrier,Hamburg,Webcam,Electronics,1,873.69,Barzahlung,1,Nein
855,2025-08-25 16:21:38,Kory Vockings,Hamburg,Laptop,Zubehör,9,982.31,PayPal,2,Ja
856,2026-04-10 13:08:46,Kean Pavese,München,Maus,Electronics,2,213.11,Banküberweisung,4,Nein
857,2026-04-29 14:20:52,Reta Castaignet,Hamburg,Laptop,Electronics,2,1027.79,Barzahlung,1,Nein
858,2026-05-06 14:51:05,Alaster Goulstone,Stuttgart,Monitor,Electronics,1,652.2,PayPal,1,Ja
859,2025-12-11 3:31:34,Alissa Stroder,Stuttgart,Maus,Electronics,5,634.49,Banküberweisung,4,Nein
860,2026-04-23 5:20:04,Kermit Teideman,Köln,Tastatur,Electronics,2,475.77,PayPal,3,Nein
861,2025-07-02 0:46:02,Locke Frenchum,Köln,Webcam,Electronics,5,1060.37,PayPal,4,Ja
862,2026-03-27 7:34:51,Ede Lethley,Leipzig,Maus,Zubehör,7,995.43,Banküberweisung,3,Nein
863,2025-12-12 10:59:42,Lynne Moulsdall,Frankfurt,Tastatur,Electronics,4,387.81,Banküberweisung,3,Nein
864,2025-12-29 1:56:54,Ezequiel Collumbell,Frankfurt,Monitor,Zubehör,4,791.39,PayPal,5,Nein
865,2025-07-13 1:12:07,Kevon Traves,Frankfurt,Tastatur,Zubehör,4,320.86,PayPal,3,Ja
866,2026-05-29 5:01:28,Eziechiele Cuttle,Berlin,Kopfhörer,Electronics,7,848.67,Barzahlung,5,Nein
867,2025-07-03 16:22:34,Erl Gillham,Hamburg,Maus,Zubehör,3,312.28,Barzahlung,2,Ja
868,2026-04-16 8:42:58,Dunn Baldree,Köln,Smartphone,Zubehör,2,34.51,Barzahlung,1,Nein
869,2025-10-11 20:51:19,Sigfrid Pickerill,Leipzig,Smartphone,Electronics,4,635.25,Barzahlung,4,Nein
870,2025-09-16 11:36:38,Erv Ringrose,Leipzig,Kopfhörer,Zubehör,1,446.6,PayPal,3,Nein
871,2026-04-12 17:09:33,Ernesta Antonovic,Frankfurt,USB-Hub,Zubehör,3,842.9,Barzahlung,4,Nein
872,2026-03-12 12:14:47,Blondelle Clack,Leipzig,Maus,Zubehör,5,104.83,Kreditkarte,3,Nein
873,2025-09-08 11:03:07,Murdoch Filov,Frankfurt,Monitor,Zubehör,2,83.07,PayPal,4,Nein
874,2025-06-19 21:52:33,Zeke Goundry,Hamburg,Laptop,Electronics,4,570.45,Kreditkarte,2,Ja
875,2026-05-25 6:04:09,Nikolaos Lavarack,Stuttgart,Maus,Electronics,9,114.71,Barzahlung,2,Nein
876,2026-01-30 12:57:55,Harlin Robelet,Düsseldorf,Smartphone,Electronics,8,1012.83,PayPal,5,Nein
877,2026-03-29 5:58:12,Charlena Chancellor,München,Tastatur,Electronics,8,585.97,Banküberweisung,1,Nein
878,2025-09-10 1:21:57,Adriena Suller,Hamburg,Webcam,Electronics,2,452.17,PayPal,5,Ja
879,2025-10-21 16:45:00,Joy Witten,Stuttgart,Webcam,Electronics,8,322.26,Barzahlung,2,Nein
880,2026-05-18 2:17:26,Angelle Attoc,Düsseldorf,Kopfhörer,Zubehör,4,544.9,Kreditkarte,3,Nein
881,2025-06-07 19:15:55,Julee Shannahan,Frankfurt,Monitor,Zubehör,2,309.72,Banküberweisung,2,Nein
882,2025-07-26 8:54:59,Kara McGarahan,Köln,Tastatur,Electronics,6,185.8,Barzahlung,5,Nein
883,2025-09-07 20:25:33,Inez Snodin,München,Laptop,Zubehör,3,47.25,Kreditkarte,3,Nein
884,2026-03-01 14:50:04,Sandie Celler,Leipzig,Kopfhörer,Electronics,8,808.45,Kreditkarte,1,Nein
885,2026-03-27 21:40:07,Willis Burns,Frankfurt,Maus,Electronics,10,907.67,Banküberweisung,2,Ja
886,2025-06-23 0:56:15,Clarette Newbery,Düsseldorf,Smartphone,Electronics,6,130,Kreditkarte,4,Ja
887,2025-07-12 17:07:04,Yetty Vanyarkin,Düsseldorf,Tastatur,Electronics,10,444.14,Barzahlung,1,Nein
888,2025-06-15 1:20:56,Carson Cursey,Stuttgart,Maus,Electronics,7,326.47,Banküberweisung,3,Nein
889,2026-06-01 22:32:10,Burton Kunkler,Köln,Webcam,Electronics,3,634.78,Kreditkarte,4,Nein
890,2025-09-24 1:47:29,Gaylord Bridgland,Düsseldorf,Laptop,Electronics,7,158.98,Banküberweisung,1,Nein
891,2026-05-22 16:08:29,Barbey Ricardou,Frankfurt,USB-Hub,Electronics,10,382.24,PayPal,2,Nein
892,2025-09-27 13:33:01,Svend Hembery,München,Monitor,Zubehör,2,848.66,Banküberweisung,5,Ja
893,2025-08-15 6:19:29,Vally Diehn,Berlin,Maus,Electronics,7,1184.22,Barzahlung,4,Nein
894,2026-03-28 14:11:52,Blithe Borne,Düsseldorf,Kopfhörer,Zubehör,5,784.65,Barzahlung,4,Ja
895,2025-06-18 3:15:41,Maria Attrill,München,USB-Hub,Electronics,10,757.22,PayPal,2,Nein
896,2025-11-24 11:14:32,Alene Belfitt,Hamburg,USB-Hub,Electronics,2,370.61,Kreditkarte,2,Nein
897,2025-09-14 4:19:46,William Shivell,München,Laptop,Zubehör,7,844.45,Kreditkarte,2,Ja
898,2026-04-14 2:01:26,Tuck Cowoppe,Frankfurt,Maus,Zubehör,1,906.17,Kreditkarte,1,Nein
899,2026-02-15 23:57:07,Hetty Hooban,Stuttgart,Maus,Electronics,10,950.32,Kreditkarte,1,Nein
900,2025-07-09 5:57:56,Kevan Barlace,Berlin,Kopfhörer,Zubehör,2,332.18,Banküberweisung,3,Ja
901,2026-05-25 19:42:13,Roselle Meaders,Leipzig,Maus,Zubehör,6,858.51,Kreditkarte,2,Nein
902,2025-07-10 0:41:32,Bradley Allinson,Hamburg,Kopfhörer,Zubehör,9,902.06,Banküberweisung,4,Nein
903,2025-06-13 7:16:36,Christiana Manning,Berlin,Kopfhörer,Electronics,1,218.4,Barzahlung,5,Nein
904,2025-10-06 7:45:45,Estele Belden,Düsseldorf,Webcam,Electronics,7,1101.11,Kreditkarte,1,Nein
905,2026-02-26 12:00:05,Sarette Stirrup,Köln,Webcam,Zubehör,2,702.13,PayPal,2,Nein
906,2025-12-29 17:13:04,Bailie Sollam,Leipzig,Kopfhörer,Zubehör,6,1070.37,PayPal,5,Nein
907,2025-09-30 0:00:45,Oates Wallas,Düsseldorf,Tastatur,Zubehör,7,33.55,Banküberweisung,4,Nein
908,2026-01-31 15:03:47,Fiann Baudinet,München,Monitor,Zubehör,1,1005.54,Banküberweisung,4,Ja
909,2025-12-17 20:13:16,Vite Eton,Hamburg,Maus,Electronics,10,1029.25,PayPal,5,Nein
910,2025-07-20 16:24:37,Carry Maffey,Leipzig,Smartphone,Electronics,3,485.09,PayPal,2,Nein
911,2025-09-07 18:37:52,Dolph Edmondson,Hamburg,Smartphone,Electronics,9,953.82,Banküberweisung,3,Nein
912,2026-03-15 4:26:16,Sephira Bowler,Köln,Maus,Electronics,5,466.38,Banküberweisung,3,Nein
913,2025-06-12 0:06:10,Vivianna Norwich,Düsseldorf,Webcam,Electronics,5,928.66,Barzahlung,4,Nein
914,2026-02-13 6:58:23,Michele Huffadine,München,Webcam,Zubehör,9,972.38,Barzahlung,3,Nein
915,2026-01-11 11:15:40,Valma Horbath,Leipzig,Monitor,Zubehör,7,1074.96,PayPal,3,Ja
916,2026-03-20 8:19:18,Neill Fronks,Frankfurt,USB-Hub,Zubehör,2,799.69,PayPal,1,Nein
917,2026-03-05 10:48:16,Robinette Shawl,Leipzig,Webcam,Zubehör,1,200.57,Kreditkarte,4,Ja
918,2025-07-19 4:20:16,Dyna Falconer,Stuttgart,USB-Hub,Zubehör,8,672.83,Kreditkarte,3,Nein
919,2025-10-26 11:48:29,Ortensia Shoppee,Leipzig,Webcam,Zubehör,4,1136.34,Banküberweisung,4,Nein
920,2025-11-29 1:23:57,Arnie Surgener,Berlin,USB-Hub,Electronics,10,165.65,PayPal,1,Nein
921,2025-08-09 9:45:12,Mead Twiddy,München,Tastatur,Electronics,3,869.8,PayPal,2,Nein
922,2025-11-28 6:37:08,Major Andor,Stuttgart,Monitor,Electronics,8,461.31,Kreditkarte,3,Nein
923,2026-01-23 7:10:00,Tonia Bentham3,Düsseldorf,Laptop,Electronics,9,129.92,PayPal,3,Nein
924,2025-08-31 21:07:17,Drucill Giabuzzi,Leipzig,Webcam,Zubehör,3,166.72,PayPal,1,Ja
925,2025-06-27 7:51:18,Stafford Jacqueminet,Stuttgart,USB-Hub,Electronics,6,462.68,PayPal,1,Nein
926,2026-04-14 22:29:52,Adler Loddy,Frankfurt,Laptop,Electronics,7,104.8,Kreditkarte,5,Ja
927,2025-06-15 21:51:02,Lionel Torfin,Frankfurt,USB-Hub,Electronics,1,802.32,PayPal,2,Ja
928,2025-10-30 10:33:09,Diandra Cleve,Köln,Tastatur,Zubehör,6,1108.64,Kreditkarte,5,Nein
929,2026-05-31 22:21:23,Claudia Errichiello,München,USB-Hub,Electronics,2,58.19,PayPal,4,Nein
930,2025-10-11 2:33:24,Davin Simmans,Stuttgart,Smartphone,Electronics,1,248,Barzahlung,2,Nein
931,2025-07-25 22:27:14,Claudina Loveridge,Stuttgart,Maus,Zubehör,8,183.07,Barzahlung,3,Nein
932,2026-04-23 21:39:07,Steffen McCaster,Düsseldorf,Smartphone,Zubehör,3,840.44,Kreditkarte,4,Ja
933,2025-09-03 3:38:01,Cammy Schanke,Köln,Monitor,Electronics,7,569.15,PayPal,4,Nein
934,2026-04-17 9:50:38,Yuri Bertram,Frankfurt,Maus,Electronics,5,729.15,Kreditkarte,1,Nein
935,2026-03-30 10:52:04,Wood Binnell,Berlin,Laptop,Electronics,1,270.3,Kreditkarte,5,Nein
936,2025-06-10 6:50:03,Thalia Mogra,Berlin,Kopfhörer,Zubehör,7,1017.02,Banküberweisung,1,Ja
937,2025-06-20 15:53:52,Bearnard Fassman,München,Webcam,Zubehör,6,440.17,PayPal,1,Nein
938,2025-08-12 13:49:36,Lannie Sarfas,Düsseldorf,Smartphone,Electronics,9,1197.02,Barzahlung,4,Nein
939,2026-02-16 0:56:35,Ulrick Koles,Hamburg,Monitor,Electronics,10,494.18,Banküberweisung,4,Nein
940,2026-02-10 18:23:50,Timoteo Greatbank,München,Tastatur,Electronics,6,413.94,Kreditkarte,2,Nein
941,2026-02-20 8:52:22,Wilie Reece,Berlin,Maus,Zubehör,2,143.45,Banküberweisung,3,Nein
942,2025-11-21 1:04:54,Sibylla Cotsford,Stuttgart,Tastatur,Electronics,1,1042.38,Banküberweisung,1,Nein
943,2025-07-25 13:45:43,Ariel Waring,Stuttgart,Smartphone,Zubehör,2,644.48,PayPal,5,Nein
944,2025-09-23 2:55:04,Lula Jouhan,Frankfurt,Monitor,Electronics,2,385.54,Kreditkarte,2,Nein
945,2025-09-02 18:14:52,Evyn Sieghart,Leipzig,Tastatur,Electronics,2,413.98,Kreditkarte,1,Nein
946,2025-09-30 12:56:38,Nanete Harbage,Köln,Monitor,Zubehör,10,986.37,Kreditkarte,1,Nein
947,2025-07-04 3:44:37,Brina MacGiolla Pheadair,Hamburg,Smartphone,Zubehör,5,924.57,PayPal,5,Nein
948,2025-11-01 19:56:36,Benjamin Biever,Hamburg,Smartphone,Electronics,1,1096.56,Banküberweisung,3,Nein
949,2026-04-13 17:11:49,Adrienne Kobel,Stuttgart,Webcam,Zubehör,1,255.14,Kreditkarte,4,Nein
950,2025-11-30 20:58:00,Georgia Andre,Hamburg,Maus,Zubehör,6,363.14,PayPal,5,Nein
951,2025-07-05 13:57:05,Lorrayne Haresign,Hamburg,Kopfhörer,Electronics,2,644.43,Kreditkarte,2,Nein
952,2026-01-25 11:55:37,Winslow Skule,Stuttgart,Webcam,Electronics,4,1148.51,PayPal,1,Ja
953,2025-06-05 8:08:14,Mona Highnam,Köln,Maus,Electronics,3,125.5,Kreditkarte,5,Nein
954,2025-07-27 15:16:53,Verna Hindmoor,Hamburg,USB-Hub,Zubehör,8,979.32,Kreditkarte,2,Nein
955,2026-02-01 3:28:06,Farah Sylvaine,Leipzig,Smartphone,Electronics,8,751.27,Kreditkarte,3,Nein
956,2026-01-08 5:45:29,Cordie Bocking,Hamburg,Kopfhörer,Zubehör,10,358.23,PayPal,2,Nein
957,2025-08-29 14:22:45,Bendick Nolder,Düsseldorf,Maus,Electronics,7,621.73,Barzahlung,3,Ja
958,2025-11-30 6:12:30,Morena Sumbler,Leipzig,Laptop,Zubehör,8,1117.91,Barzahlung,5,Ja
959,2025-06-12 7:38:30,Albie Haysom,München,Webcam,Zubehör,7,789.17,Banküberweisung,1,Nein
960,2026-05-21 4:06:51,Edik Rotchell,Frankfurt,Webcam,Zubehör,8,931.57,PayPal,5,Nein
961,2025-09-11 13:13:10,Bambie Pepall,München,Monitor,Zubehör,9,87.9,Kreditkarte,5,Nein
962,2026-03-09 10:41:32,Paulette Meran,Leipzig,Tastatur,Zubehör,1,570.69,Kreditkarte,1,Nein
963,2025-09-01 12:04:42,Karim McCrone,Hamburg,Laptop,Electronics,4,1084.26,Banküberweisung,3,Nein
964,2025-08-25 5:03:01,Andree Trunks,Berlin,Laptop,Zubehör,5,97.13,Banküberweisung,1,Nein
965,2026-01-22 9:39:48,Arluene Trevers,Frankfurt,Monitor,Electronics,9,1075.38,Kreditkarte,4,Nein
966,2026-05-07 22:28:42,Cindie Mockler,Stuttgart,Maus,Electronics,4,617.93,Barzahlung,4,Ja
967,2025-07-17 2:08:10,Livia Conklin,Köln,Webcam,Electronics,7,1065.39,Barzahlung,3,Nein
968,2026-01-04 22:45:07,Jeanine McCloch,Düsseldorf,Maus,Zubehör,5,744.29,Kreditkarte,4,Nein
969,2025-12-02 6:26:38,Yuri Geydon,Stuttgart,Tastatur,Zubehör,8,416.08,Banküberweisung,3,Ja
970,2025-11-14 17:41:51,Sharron Kenninghan,Berlin,Smartphone,Zubehör,10,180.19,Kreditkarte,2,Nein
971,2026-04-04 10:33:55,Stefanie Harnett,Düsseldorf,Maus,Electronics,5,595.91,Barzahlung,5,Nein
972,2025-12-08 10:40:23,Maddy Adshad,Frankfurt,USB-Hub,Electronics,5,612.62,Barzahlung,3,Ja
973,2025-09-10 14:05:19,Alessandra Daspar,Stuttgart,Smartphone,Electronics,7,362.28,PayPal,2,Ja
974,2026-05-09 3:15:55,Hanson Gertray,Köln,Smartphone,Zubehör,8,469.77,Banküberweisung,1,Nein
975,2025-09-10 13:31:56,Derby De la Yglesia,Leipzig,Kopfhörer,Electronics,3,452.43,Banküberweisung,3,Nein
976,2025-06-30 7:17:29,Jud Sinton,Berlin,Smartphone,Electronics,6,583.87,PayPal,5,Nein
977,2025-07-14 16:19:35,Maitilde Briggs,Stuttgart,Tastatur,Electronics,2,923.01,Banküberweisung,1,Nein
978,2025-12-08 13:49:48,Elias Colecrough,Stuttgart,Maus,Zubehör,4,451.09,Banküberweisung,5,Nein
979,2026-04-07 20:09:17,Eachelle Laurand,Düsseldorf,Tastatur,Zubehör,6,338.08,Banküberweisung,1,Nein
980,2026-01-10 7:00:38,Gallagher Jearum,Köln,Maus,Electronics,5,1032.77,Kreditkarte,3,Nein
981,2025-10-16 14:54:00,Van Telezhkin,Düsseldorf,USB-Hub,Electronics,6,1113.35,Barzahlung,4,Nein
982,2026-03-13 11:14:47,Cale Forde,München,USB-Hub,Electronics,7,240.86,Kreditkarte,1,Nein
983,2025-10-04 17:06:10,Thorsten Dahlback,Leipzig,Kopfhörer,Electronics,10,715.01,Kreditkarte,5,Nein
984,2026-03-06 1:10:07,Ezechiel Gallihawk,Düsseldorf,Maus,Zubehör,10,1077.19,PayPal,1,Ja
985,2025-09-07 10:14:15,Nancy Phippin,München,USB-Hub,Electronics,8,407.56,Barzahlung,1,Nein
986,2025-12-08 8:53:33,Hersch Novic,München,Laptop,Electronics,5,88.95,Banküberweisung,2,Ja
987,2026-03-04 4:09:04,Tierney Schohier,Hamburg,USB-Hub,Zubehör,6,916.66,PayPal,1,Nein
988,2026-01-23 2:17:56,Liane Grinvalds,Köln,Maus,Electronics,3,16.18,PayPal,4,Nein
989,2025-10-14 3:53:57,Anissa Tuppeny,Frankfurt,Laptop,Zubehör,4,424.72,Banküberweisung,3,Nein
990,2026-01-27 4:28:18,Teressa Blaisdale,Berlin,USB-Hub,Electronics,10,738.67,PayPal,3,Nein
991,2025-11-02 12:56:28,Harrietta Dickerline,Düsseldorf,Laptop,Zubehör,2,725.04,Kreditkarte,1,Nein
992,2025-11-02 11:33:40,Benoit Waterland,Leipzig,Monitor,Electronics,6,437.59,PayPal,3,Nein
993,2025-07-12 21:55:46,Ethelda Doohan,Hamburg,Webcam,Electronics,7,613.15,Barzahlung,3,Nein
994,2025-10-22 18:51:12,Thoma Gowing,Leipzig,Webcam,Electronics,1,718.36,Kreditkarte,5,Nein
995,2026-04-06 23:09:34,Ermina di Rocca,Leipzig,Tastatur,Electronics,8,641.29,Kreditkarte,3,Nein
996,2026-03-14 14:16:33,Roby Sustins,Hamburg,Laptop,Electronics,5,182.4,Banküberweisung,2,Ja
997,2025-08-28 12:00:57,Micheline Van Bruggen,Frankfurt,Maus,Zubehör,6,244.64,Kreditkarte,1,Ja
998,2025-06-24 20:09:01,Harriott Kerins,Düsseldorf,Tastatur,Zubehör,10,102.25,PayPal,5,Nein
999,2025-08-17 0:41:32,Nettie Teligin,München,Kopfhörer,Zubehör,9,1129.29,Banküberweisung,3,Nein
1000,2025-09-17 10:40:37,Daniela Lampaert,München,Kopfhörer,Zubehör,6,233.79,PayPal,2,Nein